Market Options 6 7 2020,,,,,,,
Symbol,Company Name,Last,Volume,Trades,Exercise Price,% Chg. (Close),+/- Chg. (Close)
,,,,,,,
FMGDT7,FORTESCUE  JUL-20C11,2.43,21,1,11.5,333.929,1.87
AGLMO7,AGL ENERGY JUL-20C18,0.13,30,1,18,225,0.09
WESWP7,WESFARMER  MAR-21C46,3.27,15,1,46,220.588,2.25
WESSU9,WESFARMER  JUL-20C46,0.6,20,4,46.51,185.714,0.39
BSLXM9,BLUESCOPE  SEP-20P11,1.22,200,1,11.25,180.46,0.785
OZLXH9,OZMINER    JUL-20C11,0.84,250,2,11,180,0.54
QBEI37,QBE INSUR. JUL-20C87,0.68,120,1,8.75,172,0.43
BSLJ77,BLUESCOPE  SEP-20P12,1.73,200,1,12.01,158.209,1.06
TLSK17,TELSTRA    SEP-20C33,0.16,127,2,3.31,146.154,0.095
CBA7U8,CWLTH BANK DEC-21P62,5.385,3,3,62,139.333,3.135
QBEF47,QBE INSUR. AUG-20C95,0.45,10,1,9.5,136.842,0.26
WBC0U7,WESTPAC    JUL-20C17,1.25,35,2,17.5,135.849,0.72
BSLFU7,BLUESCOPE  JUL-20P10,0.225,300,1,10.5,125,0.125
ILUXQ7,ILUKA RES  JUL-20C85,0.325,10,1,8.5,116.667,0.175
ORGRT7,ORIGIN ENE JUL-20C57,0.34,160,6,5.75,112.5,0.18
SGMWS7,SIMS METAL JUL-20P72,0.21,5,1,7.25,110,0.11
BSLF57,BLUESCOPE  JUL-20P11,1.02,3,1,11.75,108.163,0.53
TLS9G9,TELSTRA    AUG-20C31,0.33,4700,1,3.1,106.25,0.17
TLS5G7,TELSTRA    JUL-20C33,0.06,453,4,3.37,100,0.03
RDSOB,REDSTONE   OPT APR21,0.002,3655274,6,0.035,100,0.001
TLSQT8,TELSTRA    SEP-20C30,0.415,40,1,3.01,88.636,0.195
QBEKA7,QBE INSUR. JUL-20C82,1.11,10,1,8.25,88.136,0.52
SGPTK9,STOCKLAND. JUL-20C35,0.13,1000,2,3.5,85.714,0.06
CBAQA9,CWLTH BANK SEP-20C81,0.65,40,1,81.01,85.714,0.3
WTCUT7,WISETECH   JUL-20C20,1.3,150,2,20.5,80.556,0.58
KTAOC,KRAKATOA   OPT JUL21,0.045,1317141,21,0.05,80,0.02
WESTA8,WESFARMER  AUG-20C42,4.3,15,1,42.5,79.167,1.9
MQGRL7,MACQ GROUP AUG-20C11,12.32,4,1,114,78.551,5.42
MQGNT7,MACQ GROUP JUL-20C12,3.995,32,6,122,77.556,1.745
A2MM68,A2 MILK    SEP-20C20,1.445,1,1,20,76.22,0.625
COLD39,COLESGROUP AUG-20C17,0.79,5,1,17,75.556,0.34
MQGR87,MACQ GROUP JUL-20C11,8.85,7,1,116,73.529,3.75
XJOB88,S&P/ASX200 DEC-20C71,45,10,2,7100,73.077,19
RRLSF9,REGIS      JUL-20C49,0.535,100,1,4.9,72.581,0.225
BSLG17,BLUESCOPE  AUG-20P11,0.895,200,1,11,72.115,0.375
CBA3Q8,CWLTH BANK AUG-20C73,2.05,10,1,73.01,70.833,0.85
TLSQC8,TELSTRA    JUL-20C33,0.085,75,1,3.37,70,0.035
AMC9H9,AMCOR PLC  SEP-20C16,0.33,30,2,16,69.231,0.135
CBAV49,CWLTH BANK JUL-20C73,0.95,61,5,73,66.667,0.38
BSLG57,BLUESCOPE  AUG-20P11,1.195,200,1,11.5,65.972,0.475
AZJLY9,AURIZON    JUL-20C46,0.33,20,1,4.6,65,0.13
BSLK27,BLUESCOPE  AUG-20P97,0.3,35,1,9.75,62.162,0.115
MQGNR7,MACQ GROUP JUL-20C12,5.65,30,3,120,61.429,2.15
TCL1K7,TRANSURBAN AUG-20C14,0.4,30,1,14.75,60,0.15
MQGPW7,MACQ GROUP JUL-20C11,7.15,20,2,118,58.889,2.65
CBAFP8,CWLTH BANK DEC-20C64,10,6,1,64,58.228,3.68
MQGNV7,MACQ GROUP JUL-20C12,2.75,204,11,124,57.143,1
BSLMK7,BLUESCOPE  JUL-20C80,2.75,1,1,8,57.143,1
XJOUZ8,S&P/ASX200 JUL-20C59,157,80,7,5925,57,57
NABIT8,NAT. BANK  SEP-20C20,0.4,86,5,20.5,56.863,0.145
BOQKU8,BANK QLD   JUL-20C65,0.125,155,3,6.5,56.25,0.045
CR1O,CONSTELL   OPT JUL21,0.28,148600,11,0.2,55.556,0.1
BSLCW8,BLUESCOPE  AUG-20P10,0.76,200,1,10.76,55.102,0.27
NABJI8,NAT. BANK  JUL-20C19,0.145,200,2,19.5,52.632,0.05
XJO2G7,S&P/ASX200 JUL-20C62,29,10,1,6225,52.632,10
VUKWE8,V MONEY UK SEP-20C12,0.53,120,1,1.2,51.429,0.18
PMYO,PACIFICO   OPT NOV20,0.003,3650000,7,0.015,50,0.001
MRQOB,MRG METALS OPT DEC20,0.003,19295016,19,0.01,50,0.001
QANMO7,QANTAS     SEP-20P39,0.4,5,1,3.9,48.148,0.13
MQGNN7,MACQ GROUP AUG-20C13,2.22,20,1,132.01,48,0.72
WBC0N7,WESTPAC    JUL-20C17,1.65,50,1,17,46.018,0.52
BSLCS8,BLUESCOPE  JUL-20P10,0.29,100,2,10.76,45,0.09
JHX0K9,J HARDIE   JUL-20C28,0.65,25,1,28,44.444,0.2
XJOV78,S&P/ASX200 JUL-20P59,36,11,2,5975,44,11
WTCRH7,WISETECH   JUL-20C22,0.51,103,5,22,43.662,0.155
RIOTT7,RIO TINTO  JUL-20P93,1.03,25,1,93,43.056,0.31
CBAJ97,CWLTH BANK JUL-20C72,0.64,330,6,72,42.222,0.19
ANZZM8,ANZ BANK   JUL-20C20,0.27,83,2,20,42.105,0.08
NCMII9,NEWCREST   JUL-20C30,2.19,10,1,30.5,41.29,0.64
RIOXU7,RIO TINTO  JUL-20P90,0.45,10,1,90,40.625,0.13
XJOXE9,S&P/ASX200 JUL-20C59,146,25,8,5950,40.385,42
CWNSJ7,CROWN      AUG-20P10,0.8,5,1,10,40.351,0.23
XJO5Z8,S&P/ASX200 SEP-20C62,167,3,1,6200,40.336,48
IBXOA,IMAGIONBIO OPT APR23,0.021,6068906,35,0.03,40,0.006
CBAXL7,CWLTH BANK JUL-20C72,1.76,47,3,72,39.683,0.5
BSLXM7,BLUESCOPE  JUN-21P10,1.32,60,1,10,38.947,0.37
XJOSP8,S&P/ASX200 JUL-20C58,209,58,4,5850,38.411,58
TLS7X7,TELSTRA    JUN-21C36,0.145,100,1,3.66,38.095,0.04
XJOMZ8,S&P/ASX200 SEP-20C70,11,8,1,7000,37.5,3
TLS4V7,TELSTRA    JUL-20C31,0.24,800,2,3.17,37.143,0.065
TWEVC7,TREA WINE  JUL-20C11,0.3,200,1,11,36.364,0.08
XJOYL9,S&P/ASX200 AUG-20C64,45,10,1,6450,36.364,12
TWEGX8,TREA WINE  MAR-21C11,1.29,66,2,11,35.789,0.34
AWCC58,ALUMINA    AUG-20C17,0.095,50,1,1.7,35.714,0.025
QANDM8,QANTAS     SEP-21C40,0.65,15,1,4,35.417,0.17
CBAW39,CWLTH BANK JUL-20C71,2,12,1,71,35.135,0.52
BSLFM7,BLUESCOPE  JUL-20P10,0.295,2,1,10.75,34.091,0.075
DXNOD,DXNLIMITED OPT MAY23,0.008,22611269,56,0.02,33.333,0.002
IHLOB,INHEALTH   OPT SEP20,0.02,3360091,26,0.04,33.333,0.005
QBEDT7,QBE INSUR. AUG-20C10,0.12,20,1,10.5,33.333,0.03
TLS9Q9,TELSTRA    AUG-20C34,0.12,335,5,3.4,33.333,0.03
XJOKM9,S&P/ASX200 JUL-20C61,89,3,2,6100,32.836,22
RIOUT8,RIO TINTO  JUL-20P96,1.5,10,1,96,31.579,0.36
WPLJZ7,WOODSIDE   JUL-20C22,0.42,39,1,22.01,31.25,0.1
XJOV68,S&P/ASX200 JUL-20C59,110,23,2,5975,30.952,26
BSLD18,BLUESCOPE  SEP-20P10,0.825,200,1,10.51,30.952,0.195
TAH3J8,TABCORP    AUG-20C30,0.45,1000,1,3,30.435,0.105
NCMLB9,NEWCREST   JUL-20C25,7.2,20,2,25.5,30.199,1.67
TLSQV8,TELSTRA    SEP-20C32,0.26,1000,3,3.21,30,0.06
XJO9V7,S&P/ASX200 AUG-20C63,65,137,3,6350,30,15
RIOU87,RIO TINTO  JUL-20P97,2.75,4,1,97,29.717,0.63
ASXVB9,ASX        JUL-20C90,0.525,12,8,90,29.63,0.12
NCMVQ8,NEWCREST   JUL-20C31,1.39,4,1,31.51,29.302,0.315
TLS9Z9,TELSTRA    AUG-20C36,0.045,625,2,3.6,28.571,0.01
WESTM8,WESFARMER  AUG-20C44,3.175,15,1,44,27.51,0.685
TLS9J9,TELSTRA    AUG-20C32,0.24,25,1,3.2,26.316,0.05
SEKWP9,SEEK       JUL-20C22,0.415,1,1,22,25.758,0.085
BLD0G8,BORAL LTD  AUG-20C39,0.22,20,1,3.9,25.714,0.045
BSLG77,BLUESCOPE  AUG-20P11,1.38,200,1,11.75,25.455,0.28
BLYO,BOART      WAR SEP24,0.02,76135,3,6.3,25,0.004
IBXO,IMAGIONBIO OPT NOV21,0.01,5435000,18,0.05,25,0.002
STWY27,SPDR 200   SEP-20C58,1.4,10,1,58,25,0.28
TLSVY8,TELSTRA    SEP-20C33,0.15,500,1,3.32,25,0.03
OSHCF7,OIL SEARCH JUL-20P34,0.25,739,2,3.42,25,0.05
XJOV98,S&P/ASX200 JUL-20P60,45,151,16,6000,25,9
TLSW18,TELSTRA    SEP-20C34,0.105,200,1,3.42,23.529,0.02
CSLKJ8,CSL        AUG-20C30,6.42,5,1,308,23.462,1.22
MQGP27,MACQ GROUP AUG-20C12,5.55,25,4,124,23.333,1.05
MQGLJ7,MACQ GROUP AUG-20C12,4.55,39,2,126,22.973,0.85
GNMOB,GREATNORTH OPT JUL23,0.011,880000,4,0.022,22.222,0.002
XJOJW9,S&P/ASX200 JUL-20P59,72,4,4,5900,22.034,13
TCL1J7,TRANSURBAN AUG-20P14,0.61,3,1,14.5,22,0.11
MQGFM7,MACQ GROUP JUL-20C13,0.365,112,3,132,21.667,0.065
RIOP88,RIO TINTO  AUG-20P87,1.895,73,3,87,21.474,0.335
WBCZ29,WESTPAC    DEC-20C20,0.825,250,1,20,21.324,0.145
MQGUG9,MACQ GROUP SEP-20C13,2.665,99,3,134,21.136,0.465
BLDBM9,BORAL LTD  SEP-20C40,0.23,500,1,4,21.053,0.04
CSLSR8,CSL        JUL-20P29,6.2,50,5,294,20.623,1.06
XJOQR8,S&P/ASX200 JUL-20C56,440,20,2,5600,20.548,75
OZLYZ8,OZMINER    SEP-20C11,1.18,350,3,11,20.408,0.2
XJOVP8,S&P/ASX200 JUL-20P62,155,4,2,6200,20.155,26
ORGRH7,ORIGIN ENE JUL-20C60,0.18,200,1,6,20,0.03
IMUOA,IMUGENE    OPT NOV20,0.012,80000,1,0.026,20,0.002
CBAJ77,CWLTH BANK JUL-20C71,1.085,162,6,71,19.89,0.18
MQGMH7,MACQ GROUP AUG-20C14,0.77,40,2,140,19.38,0.125
BHPDV8,BHP GROUP  SEP-20P34,1.49,40,1,34,19.2,0.24
RIOUF8,RIO TINTO  JUL-20P90,0.125,347,6,90,19.048,0.02
CBAU59,CWLTH BANK SEP-20C74,2.4,550,5,74.01,18.812,0.38
CBA3M8,CWLTH BANK AUG-20C72,2.55,34,2,72.01,18.056,0.39
BLDBK9,BORAL LTD  SEP-20C38,0.33,100,1,3.8,17.857,0.05
WEST99,WESFARMER  SEP-20C46,1.65,1,1,46.61,17.857,0.25
QBEET7,QBE INSUR. JUL-20C95,0.2,100,1,9.5,17.647,0.03
XJOKU9,S&P/ASX200 JUL-20C62,61,6,2,6200,17.308,9
STOLT8,SANTOS     JUL-20C52,0.205,12,1,5.25,17.143,0.03
APTFN7,AFTERPAY   JUL-20C67,4.275,1,1,67,17.123,0.625
CBAWP9,CWLTH BANK AUG-20C72,2.75,110,3,72,17.021,0.4
BHPK47,BHP GROUP  JUL-20C34,2.08,100,1,34,16.854,0.3
CBAXD9,CWLTH BANK OCT-20C69,4.835,2,1,69.01,16.366,0.68
WESMW8,WESFARMER  JUL-20C45,1.74,3,1,45,16,0.24
CBAW59,CWLTH BANK JUL-20C72,1.15,43,3,72,15.578,0.155
COLM79,COLESGROUP SEP-20C16,0.78,50,1,16.86,15.556,0.105
IMUOB,IMUGENE    OPT NOV21,0.015,127600,3,0.04,15.385,0.002
GNMOF,GREATNORTH OPT NOV22,0.015,1000000,2,0.01,15.385,0.002
CSLWT7,CSL        JUL-20P28,2.79,55,2,286.01,15.289,0.37
NVAO,NOVA MIN   OPT AUG20,0.023,969117,8,0.0325,15,0.003
RIOUL8,RIO TINTO  JUL-20P92,0.285,158,5,92,14,0.035
BHPRX7,BHP GROUP  AUG-20P32,0.45,67,5,32,13.924,0.055
XJOIL9,S&P/ASX200 JUL-20P56,33,250,9,5675,13.793,4
NCMZS8,NEWCREST   JUL-20P32,0.29,48,3,32,13.725,0.035
WPLKP9,WOODSIDE   AUG-20P23,1.95,10,1,23,13.372,0.23
CCZO,CASTILLOCO OPT MAR23,0.017,100000,1,0.05,13.333,0.002
TLS4Z7,TELSTRA    JUL-20C32,0.13,200,1,3.27,13.043,0.015
WBCUN9,WESTPAC    AUG-20C19,0.45,10,1,19.5,12.5,0.05
CPUCT8,CSHARE     JUL-20C13,0.45,50,1,13.25,12.5,0.05
FMG3U9,FORTESCUE  SEP-20C14,0.73,17,1,14.22,12.308,0.08
MQGUE9,MACQ GROUP SEP-20C13,4.15,5,1,130,12.162,0.45
BHPS67,BHP GROUP  AUG-20P34,0.835,643,6,34,12.081,0.09
A2MM48,A2 MILK    AUG-20C20,0.84,10,1,20.5,12,0.09
CBAUF9,CWLTH BANK AUG-20C76,1.12,61,9,76,12,0.12
RIO9Q8,RIO TINTO  SEP-20P86,2.8,1,1,86.85,12,0.3
CBAYH9,CWLTH BANK SEP-20C67,6.6,20,2,67,11.864,0.7
NABKX8,NAT. BANK  AUG-20C18,1.04,17,1,18.5,11.828,0.11
WPL1Q7,WOODSIDE   JUN-21C29,0.715,50,1,29,11.719,0.075
WBCWP9,WESTPAC    AUG-20C19,0.67,50,1,19,11.667,0.07
RIOJM8,RIO TINTO  DEC-20P97,9.6,1,1,97.34,11.628,1
APTGU7,AFTERPAY   AUG-20C70,7.2,4,1,70,11.369,0.735
AMCY37,AMCOR PLC  JUL-20P14,0.05,50,1,14,11.111,0.005
RIOEL8,RIO TINTO  JUL-20P95,1.5,60,1,95.01,11.111,0.15
ORG6J7,ORIGIN ENE SEP-20C65,0.2,25,2,6.5,11.111,0.02
FMGZR8,FORTESCUE  JUL-20C13,0.56,200,3,13.5,10.891,0.055
BHPC78,BHP GROUP  JUL-20P35,0.26,100,1,35.5,10.638,0.025
XJOD27,S&P/ASX200 JUL-20P59,52,170,4,5925,10.638,5
APTIM7,AFTERPAY   JUL-20C80,0.8,3,1,80,10.345,0.075
GSNOA,GREATSOUTH OPT SEP22,0.11,1308989,31,0.05,10,0.01
FLTI47,FLIGHT CTR AUG-20C12,0.77,8,1,12.82,10,0.07
XJO8Z8,S&P/ASX200 SEP-20C65,55,11,2,6500,10,5
RIOPW8,RIO TINTO  AUG-20P94,4.36,10,1,94,9.824,0.39
XJO2K9,S&P/ASX200 AUG-20P61,260,16,2,6150,9.705,23
QANMW7,QANTAS     DEC-20P38,0.46,30,1,3.8,9.524,0.04
FMGG37,FORTESCUE  JUL-20P14,0.23,100,1,14,9.524,0.02
NABJO8,NAT. BANK  AUG-20C20,0.35,80,3,20,9.375,0.03
CTMOC,CENTAURUS  OPT MAY21,0.35,152146,6,0.18,9.375,0.03
ORGT57,ORIGIN ENE AUG-20C60,0.35,30,1,6,9.375,0.03
TYMO,TYMLEZ     OPT DEC23,0.035,213992,4,0.065,9.375,0.003
TLS9M9,TELSTRA    AUG-20C33,0.175,120,1,3.3,9.375,0.015
WBCYE9,WESTPAC    AUG-20P18,0.6,30,1,18,9.091,0.05
FMGI27,FORTESCUE  JUL-20C11,2.42,5,1,11.51,8.52,0.19
XJO5F8,S&P/ASX200 SEP-20P59,210,501,2,5900,8.247,16
WESN38,WESFARMER  JUL-20C46,0.625,26,3,46.5,7.759,0.045
CSLYF8,CSL        AUG-20P28,7.54,2,1,280,7.714,0.54
FMGG17,FORTESCUE  JUL-20P13,0.14,651,4,13.75,7.692,0.01
ANZCT8,ANZ BANK   SEP-20P18,0.7,10,1,18.01,7.692,0.05
BSLIO7,BLUESCOPE  AUG-20P10,0.355,50,1,10,7.576,0.025
XJOVJ8,S&P/ASX200 JUL-20P61,115,20,3,6125,7.477,8
NABKZ8,NAT. BANK  AUG-20C19,0.73,30,4,19,7.353,0.05
NCMIS9,NEWCREST   JUL-20C33,0.59,100,1,33,7.273,0.04
NABQT8,NAT. BANK  DEC-20C19,1.34,10,1,19.01,7.2,0.09
WORX67,WORLEY     AUG-20C95,0.3,100,1,9.5,7.143,0.02
SEKVK9,SEEK       DEC-20P25,3.42,12,2,25,6.875,0.22
XJO2Q7,S&P/ASX200 AUG-20C62,127,160,12,6200,6.723,8
XJO0M8,S&P/ASX200 SEP-20C59,288,3,1,5975,6.667,18
WOWWF7,WOOLWORTHS AUG-20C38,0.8,10,1,38.5,6.667,0.05
XJOBK7,S&P/ASX200 AUG-20P55,65,10,1,5500,6.557,4
APTFP7,AFTERPAY   JUL-20C68,3.66,2,1,68,6.395,0.22
XJOXD9,S&P/ASX200 JUL-20P59,50,100,10,5900,6.383,3
CBANS8,CWLTH BANK SEP-20C72,3.35,10,1,72,6.349,0.2
LOMOC,LUCAPA     OPT JUN22,0.017,54000,2,0.1,6.25,0.001
SYD7X7,SYDAIRPORT JUL-20P55,0.09,110,2,5.5,5.882,0.005
NECD88,NINE ENT   AUG-20P14,0.09,4000,1,1.4,5.882,0.005
BXB8F7,BRAMB LTD  AUG-20P10,0.465,50,1,10.75,5.682,0.025
AZJZE9,AURIZON    SEP-20C52,0.095,4338,2,5.26,5.556,0.005
RIOUP8,RIO TINTO  JUL-20P94,0.58,670,7,94,5.455,0.03
SEKXT9,SEEK       SEP-20P19,0.42,15,2,19.01,5,0.02
CBAV69,CWLTH BANK JUL-20C74,0.42,214,6,74,5,0.02
CBAUR8,CWLTH BANK JUL-20C75,0.23,64,3,75,4.545,0.01
ANZQM9,ANZ BANK   SEP-20C20,0.7,15,1,20,4.478,0.03
WBCYZ9,WESTPAC    SEP-20C20,0.47,1205,7,20,4.444,0.02
CSLUZ8,CSL        JUL-20P28,2.44,5,1,284,4.051,0.095
XJO0J8,S&P/ASX200 AUG-20C61,156,3,2,6125,4,6
S32NK9,SOUTH32    SEP-20C21,0.135,349,2,2.18,3.846,0.005
STOLI8,SANTOS     JUL-20P55,0.27,5,1,5.5,3.846,0.01
WBCYB9,WESTPAC    JUL-20C18,0.86,190,2,18,3.614,0.03
WPLFZ8,WOODSIDE   SEP-20P20,0.87,3,1,20.01,3.571,0.03
APT4Z9,AFTERPAY   NOV-20C42,28.42,1,1,42.5,3.345,0.92
ANZGO7,ANZ BANK   DEC-20P21,3.2,8,1,21.51,3.226,0.1
WORWZ7,WORLEY     AUG-20C87,0.65,20,1,8.75,3.175,0.02
CSLX88,CSL        SEP-20C29,18.2,4,1,292,2.825,0.5
BHPIU8,BHP GROUP  SEP-20C26,9.28,30,1,26.5,2.769,0.25
NCMK48,NEWCREST   MAR-21C33,3.64,30,1,33.5,2.535,0.09
CCLKG7,CC AMATIL  AUG-20C1,8.995,200,6,0.01,2.158,0.19
APT7G8,AFTERPAY   SEP-20C70,9.7,3,1,70,2.105,0.2
SYD5J7,SYDAIRPORT SEP-20C60,0.25,65,1,6,2.041,0.005
CLBO,CANDY CLUB OPT MAY23,0.064,260496,4,0.1,1.587,0.001
WESTR8,WESFARMER  AUG-20P45,1.32,60,2,45,1.538,0.02
FMGCR7,FORTESCUE  SEP-20P12,0.72,15,1,12.62,1.408,0.01
BHPDY8,BHP GROUP  SEP-20C36,1.55,10,1,36,1.307,0.02
BHPSE7,BHP GROUP  AUG-20P35,1.36,20,2,35.5,0.741,0.01
CSLFX8,CSL        DEC-20C16,136.8,10,1,160,0.367,0.5
JHXPR7,J HARDIE   OCT-20C26,3.01,25,1,26.5,0.333,0.01
JHXWQ9,J HARDIE   SEP-20C29,1.32,883,1,29.5,0,1.32
JHX2U9,J HARDIE   AUG-20C26,2.57,30,1,26,0,2.57
JHX2V9,J HARDIE   AUG-20P26,1.84,883,6,26,0,0
JHX5U9,J HARDIE   JUL-20P25,0.4,883,6,25,0,0
ILUFH7,ILUKA RES  DEC-20C90,1.29,22,1,9,0,0
IPLF68,INCITEC PV JUN-23P19,0.51,65,1,1.9,0,0.51
IPLMW7,INCITEC PV JUL-20C19,0.065,1000,2,1.95,0,0
IPLQA7,INCITEC PV AUG-20P18,0.095,1000,2,1.8,0,0
IPLQD7,INCITEC PV AUG-20C19,0.095,70,1,1.9,0,0.095
IVROA,INVESTIGAT OPT DEC20,0.004,1467778,8,0.035,0,0
LRSOC,LATRES     OPT DEC22,0.002,3127500,4,0.012,0,0
MQGFO7,MACQ GROUP JUL-20C13,0.75,100,1,134,0,0
LLCKM8,LEND LEASE JUL-20P12,0.35,1840,13,12,0,0
LLCL18,LEND LEASE AUG-20P12,0.695,1840,13,12.25,0,0
MCTO,METALICITY OPT MAY22,0.023,413375,5,0.004,0,0
MEBOB,MEDIBIOLTD OPT DEC21,0.002,10000000,5,0.03,0,0
MGRVF9,MIRVAC GRP AUG-20P23,0.145,10,1,2.3,0,0.145
MOHO,MOHO RES   OPT JUL23,0.025,700000,4,0.25,0,0
MPLTQ8,MEDIBANK   SEP-20C31,0.115,300,1,3.1,0,0.115
MQG0K7,MACQ GROUP AUG-20C72,50.5,10,1,72.01,0,50.5
MQG1V7,MACQ GROUP NOV-20P12,10.545,150,5,124.01,0,10.545
FMGI37,FORTESCUE  JUL-20P11,0.02,15,1,11.51,0,0
FMGJ29,FORTESCUE  OCT-20C12,1.77,40,1,12.26,0,0
FMGKV7,FORTESCUE  SEP-20C15,0.25,93,1,15.14,0,0.25
FMGL87,FORTESCUE  AUG-20C15,0.27,22,1,15.01,0,0.27
FMGM47,FORTESCUE  JUL-20P13,0.135,300,1,13,0,0.135
FMGMD7,FORTESCUE  JUL-20C14,0.31,14,1,14.25,0,0
FMGMF7,FORTESCUE  JUL-20C14,0.2,84,2,14.5,0,0.2
FMGUC9,FORTESCUE  OCT-20C11,2.315,38,1,11.26,0,0
FMGYD8,FORTESCUE  OCT-20C13,1.4,21,1,13,0,1.4
FMGZ58,FORTESCUE  JUL-20C12,1.665,40,1,12.51,0,0
HMXOD,HAMMER     OPT SEP20,0.011,340691,3,0.03,0,0
FMGZS8,FORTESCUE  JUL-20P13,0.16,100,1,13.5,0,0
GBZOB,GBMRESOURC OPTJUL23D,0.029,6385,1,0.11,0,0.029
GEVOA,GLOBENEVEN OPT MAY23,0.02,56146,1,0.12,0,0
GMGU17,GOOD GROUP OCT-20C16,0.62,72,1,16.5,0,0.62
NABKY8,NAT. BANK  AUG-20P18,0.81,1,1,18.5,0,0
NABJK8,NAT. BANK  JUL-20C20,0.06,126,6,20,0,0
NABIU8,NAT. BANK  SEP-20P20,2.11,10,1,20.5,0,0
NAB9H7,NAT. BANK  OCT-20C19,1.1,20,1,19,0,0
NABFS8,NAT. BANK  JUN-22P22,11,200,1,22,0,0
NABG47,NAT. BANK  DEC-20C24,0.12,200,1,24.51,0,0.12
MQGVG7,MACQ GROUP AUG-20P95,0.31,150,3,95,0,0.31
MQGRO7,MACQ GROUP AUG-20P11,3.45,104,4,116,0,0
MQGSW9,MACQ GROUP SEP-20P10,1.98,6,1,108,0,1.98
MQGSY9,MACQ GROUP MAR-21C13,8.8,10,1,130,0,8.8
MQGT59,MACQ GROUP JUL-20C12,2.27,30,1,122.01,0,0
MQGT67,MACQ GROUP JUL-20P10,0.17,400,3,100,0,0
MTS3Q9,METCASHLTD JUL-20C24,0.35,3000,2,2.4,0,0
MTS3Z9,METCASHLTD JUL-20C26,0.08,80,1,2.6,0,0
MQGVN8,MACQ GROUP SEP-20C12,7,3,1,124.01,0,7
NAB7V7,NAT. BANK  OCT-20P15,0.24,50,1,15,0,0.24
MQGN49,MACQ GROUP OCT-20P11,3.5,10,1,112.01,0,3.5
MQGN98,MACQ GROUP DEC-20C14,2.795,10,1,144,0,2.795
MQG8X8,MACQ GROUP SEP-20C15,0.305,34,1,154,0,0.305
MQGLL7,MACQ GROUP AUG-20C12,2.93,10,1,128,0,0
MQGLN7,MACQ GROUP AUG-20C13,2.185,28,3,130,0,0
MQGLX7,MACQ GROUP AUG-20C13,1.7,19,2,134,0,0
MQGGU7,MACQ GROUP JUL-20C12,0.8,50,1,128,0,0
MQGJ59,MACQ GROUP JUL-20C12,1.5,40,1,128.01,0,0
MQGJR7,MACQ GROUP JUL-20C13,0.66,100,1,132.01,0,0
MQGKZ7,MACQ GROUP JUL-20P13,15.7,150,6,138.01,0,15.7
MQGLA7,MACQ GROUP DEC-20P14,23.2,1,1,144.01,0,23.2
MQGLH7,MACQ GROUP JUL-20C12,0.85,150,2,126,0,0
MQGP59,MACQ GROUP JUL-20P11,1.8,400,3,110.01,0,0
MQGNW7,MACQ GROUP JUL-20P12,3.3,20,1,124,0,3.3
MQGNY7,MACQ GROUP AUG-20P12,4.9,2,1,120,0,0
MQGR57,MACQ GROUP JUL-20P11,0.7,174,4,112,0,0
MQGR77,MACQ GROUP JUL-20P11,1.8,60,2,114,0,0
MQGR99,MACQ GROUP SEP-20P12,6.6,1,1,124,0,6.6
MQGRI7,MACQ GROUP AUG-20P11,3.78,2,1,110,0,0
CSLI17,CSL        JUL-20P29,14,15,1,292.01,0,0
CSLI68,CSL        AUG-20P28,13.65,15,1,286.01,0,0
CSL0N9,CSL        OCT-20C30,15.25,4,2,300,0,15.25
CSL8K7,CSL        AUG-20C34,1.1,1,1,342,0,0
CSL9G8,CSL        OCT-20P29,20.23,2,1,292,0,20.23
CSLEJ7,CSL        JUL-20C31,1,4,1,310,0,0
CSLWW8,CSL        JUL-20P27,0.7,15,1,270,0,0
CSLY38,CSL        AUG-20P26,12.82,15,1,268,0,0
CSLYB8,CSL        AUG-20P27,10.05,10,1,276,0,0
CSLSU8,CSL        AUG-20C29,14.6,10,1,294,0,0
FMGEN9,FORTESCUE  JUL-20C11,2.7,38,1,11.26,0,0
FMGF47,FORTESCUE  JUL-20C13,1.2,5,1,13,0,0
FLTI57,FLIGHT CTR AUG-20P12,1.785,1,1,12.82,0,0
FLTYU7,FLIGHT CTR OCT-20C12,1.285,20,2,12.25,0,1.285
FMG1J7,FORTESCUE  DEC-22C13,2.265,2,1,13.5,0,2.265
FLTCX7,FLIGHT CTR SEP-20C13,0.75,10,1,13.67,0,0.75
FLTEJ7,FLIGHT CTR JUL-20P13,2.65,1,1,13.24,0,0
CWNG37,CROWN      SEP-20C12,0.1,25,1,12.76,0,0
CWNG88,CROWN      MAR-21C11,0.34,25,1,11.51,0,0
EM1O,EMERGEGAM  OPT APR21,0.006,50000,1,0.02,0,0
CIMY98,CIMIC      DEC-20P21,1.57,10,1,21,0,1.57
CPUIJ8,CSHARE     MAR-21C11,2.65,4,1,11.5,0,0
CBAYD9,CWLTH BANK AUG-20C68,4.8,50,1,68,0,0
CBAYF9,CWLTH BANK AUG-20C69,3.58,50,1,69,0,0
CDXO,CARDIEXLTD OPT NOV21,0.006,2500000,2,0.05,0,0
CBATH7,CWLTH BANK SEP-20P63,1.705,40,3,63,0,0
CBAXL9,CWLTH BANK DEC-20C70,5.61,2,2,70.01,0,5.61
CBAXN7,CWLTH BANK JUL-20C73,1.125,20,1,73,0,1.125
CBAVC8,CWLTH BANK JUL-20C76,0.13,80,1,76,0,0
CBAVO9,CWLTH BANK JUL-20C68,2.51,90,1,68,0,0
CBAJD7,CWLTH BANK JUL-20C74,0.095,354,5,74,0,0
CBAJF7,CWLTH BANK JUL-20C75,0.05,150,1,75,0,0.05
CBAM87,CWLTH BANK JUL-20P70,0.5,40,1,70.01,0,0
CBAMA9,CWLTH BANK JUL-20C66,3.3,40,1,66.01,0,0
CBAMW8,CWLTH BANK JUL-20C68,1.9,40,1,68.01,0,0
CBAN18,CWLTH BANK JUL-20C70,1.625,70,1,70.01,0,0
CBAN38,CWLTH BANK JUL-20C71,1.495,70,1,71.01,0,0
CBAN68,CWLTH BANK JUL-20P72,2.4,50,1,72.01,0,0
CBABG7,CWLTH BANK JUL-20P74,6,50,1,74.01,0,0
CBAIT7,CWLTH BANK JUL-20P65,0.08,100,1,65,0,0
CBAIV7,CWLTH BANK JUL-20P66,0.06,150,1,66,0,0
CBA7X9,CWLTH BANK MAR-21P86,16.82,20,1,86.01,0,16.82
CBAB79,CWLTH BANK AUG-20P70,3.2,150,3,70.01,0,0
BHPSC7,BHP GROUP  AUG-20P35,1.3,50,1,35,0,0
BHPS69,BHP GROUP  JUL-20C32,3.35,24,1,32.51,0,0
BHPRZ9,BHP GROUP  JUL-20C32,3.29,51,3,32.01,0,0
BHPNW7,BHP GROUP  AUG-20C34,2.6,3,1,34.01,0,0
BHPP47,BHP GROUP  AUG-20P36,1.9,10,1,36.01,0,0
BHPQ27,BHP GROUP  JUL-20C34,1.465,47,1,34.51,0,0
BHPQ28,BHP GROUP  JUL-20P33,0.265,52,16,33.5,0,0.265
BHPQ98,BHP GROUP  JUL-20C35,1.21,1,1,35.5,0,1.21
BHPQA8,BHP GROUP  JUL-20P35,0.78,30,1,35.5,0,0.78
BHPQB8,BHP GROUP  JUL-20C36,0.74,55,17,36,0,0.74
BHPQC8,BHP GROUP  JUL-20P36,0.89,5,1,36,0,0.89
BHPQD8,BHP GROUP  JUL-20C36,0.52,53,3,36.5,0,0.52
BHPJF7,BHP GROUP  AUG-20C39,0.37,5,1,39.5,0,0
BHPK57,BHP GROUP  JUL-20P34,0.3,50,1,34,0,0
BHPD38,BHP GROUP  AUG-20P33,0.6,30,1,33.01,0,0.6
BHPEQ9,BHP GROUP  SEP-20C32,3.35,24,1,32.51,0,0
BHPF97,BHP GROUP  JUL-20P37,2,16,1,37.5,0,0
BHPFG7,BHP GROUP  JUL-20P38,2.525,15,1,38,0,0
BHPGW7,BHP GROUP  JUL-20C33,3.05,3,1,33.01,0,0
BHPSH7,BHP GROUP  AUG-20C36,1.37,50,1,36.5,0,0
BHPSK7,BHP GROUP  AUG-20P37,2,31,2,37,0,0
BHPVC8,BHP GROUP  SEP-20C35,2.07,47,1,35.01,0,0
BHPWS9,BHP GROUP  JUL-20C33,2.1,21,1,33.51,0,0
BHPX17,BHP GROUP  SEP-20C36,1.45,90,1,36.01,0,0
BHPXK7,BHP GROUP  OCT-20C32,4.25,51,3,32.01,0,0
BLDBP9,BORAL LTD  SEP-20C42,0.16,200,1,4.2,0,0
BOQKT8,BANK QLD   JUL-20P62,0.1,10,2,6.25,0,0.1
BLZO,BLAZE INT  OPT MAR22,0.005,1982500,11,0.05,0,0
BOQD18,BANK QLD   SEP-20C62,0.475,500,4,6.25,0,0.475
BSLCY8,BLUESCOPE  SEP-20P11,1.095,200,1,11.01,0,1.095
BRVO,BIGRIVGOLD OPT JUN22,0.015,150000,1,0.02,0,0
BSL8Z7,BLUESCOPE  SEP-20P14,3.23,150,2,14.76,0,0
CBA2F8,CWLTH BANK JUN-21C74,4.5,53,2,74,0,0
CBA3Q7,CWLTH BANK MAR-21C73,5.23,53,2,73,0,0
CBA4H7,CWLTH BANK AUG-20P63,0.7,3,1,63,0,0.7
CBA4X7,CWLTH BANK SEP-20P65,2.42,40,3,65,0,0
BSLTN7,BLUESCOPE  SEP-20P11,1.09,200,1,11,0,1.09
BSLXK9,BLUESCOPE  SEP-20P10,0.95,200,1,10.75,0,0.95
BSLXL9,BLUESCOPE  SEP-20C11,0.585,200,1,11.25,0,0.585
BSLY89,BLUESCOPE  SEP-20P11,1.565,200,1,11.75,0,1.565
BSLYA9,BLUESCOPE  SEP-20P12,1.92,200,1,12.25,0,1.92
BXB0Z8,BRAMB LTD  AUG-20P10,0.21,100,1,10,0,0.21
BXB9Z9,BRAMB LTD  OCT-20C12,0.29,1250,5,12,0,0.29
BXBB27,BRAMB LTD  OCT-20C12,0.245,1250,5,12.25,0,0.245
BXBZ29,BRAMB LTD  DEC-20C10,0.78,6,1,10.97,0,0.78
CADO,CAENEUS    OPT DEC20,0.001,3010000,3,0.03,0,0
CAVOA,CARNAVALE  OPT SEP20,0.001,6000000,5,0.007,0,0
BSLII7,BLUESCOPE  JUL-20P10,0.12,20,1,10,0,0
BSLG97,BLUESCOPE  AUG-20P12,1.575,200,1,12,0,1.575
BSLR37,BLUESCOPE  SEP-20C12,0.35,200,1,12,0,0.35
BSLR47,BLUESCOPE  SEP-20P12,1.73,200,1,12,0,1.73
BSLRG7,BLUESCOPE  JUN-21P70,0.395,189,1,7,0,0.395
BSLRY7,BLUESCOPE  SEP-20C11,0.49,70,2,11.5,0,0.49
BSLD38,BLUESCOPE  SEP-20P10,0.955,200,1,10.76,0,0.955
BSLD98,BLUESCOPE  AUG-20P11,0.9,200,1,11.01,0,0.9
BSLDK8,BLUESCOPE  AUG-20C11,0.44,200,1,11.26,0,0.44
BSLDL8,BLUESCOPE  AUG-20P11,1.055,200,1,11.26,0,1.055
BSLDN8,BLUESCOPE  AUG-20P11,1.2,200,1,11.51,0,1.2
BSLDU8,BLUESCOPE  AUG-20C12,0.22,200,1,12.01,0,0.22
BSLG27,BLUESCOPE  AUG-20C11,0.445,200,1,11.25,0,0.445
BSLG37,BLUESCOPE  AUG-20P11,1.05,200,1,11.25,0,1.05
BSLF67,BLUESCOPE  DEC-20C11,0.96,10,1,11.25,0,0.96
BSLFY7,BLUESCOPE  AUG-20P10,0.755,200,1,10.75,0,0.755
BSLFZ7,BLUESCOPE  AUG-20C11,0.535,220,2,11,0,0.535
BATO,BATTMIN    OPT JUL23,0.003,40000,1,0.1,0,0
BCNOB,BEACON MIN OPT AUG22,0.019,500000,3,0.025,0,0
BENFH8,BEN ADE BK MAR-21C82,0.32,50,1,8.25,0,0.32
BENUZ7,BEN ADE BK AUG-20C72,0.31,20,1,7.25,0,0.31
BHP1K9,BHP GROUP  JUL-20C35,1.43,90,1,35.01,0,0
APTEH7,AFTERPAY   SEP-20P66,9.05,3,1,66,0,9.05
APTGZ7,AFTERPAY   JUL-20P69,4.1,10,1,69,0,4.1
APTI37,AFTERPAY   OCT-20C69,11.05,1,1,69,0,11.05
APTII7,AFTERPAY   JUL-20C72,2.12,32,3,72,0,2.12
ASX9X8,ASX        AUG-20C90,1.745,5,1,90,0,0
AWCUO8,ALUMINA    SEP-20C18,0.06,400,1,1.81,0,0.06
AWCVT8,ALUMINA    NOV-20C17,0.12,160,2,1.75,0,0.12
AZJNU9,AURIZON    AUG-20P47,0.145,4135,16,4.7,0,0.145
APT7K7,AFTERPAY   AUG-20P45,0.95,5,1,45,0,0.95
APT1H9,AFTERPAY   AUG-20P50,1.75,15,2,50,0,0
APT2K8,AFTERPAY   OCT-20P58,6.15,1,1,58,0,6.15
APTC27,AFTERPAY   JUL-20C60,3,10,2,60,0,0
APTC47,AFTERPAY   JUL-20C61,9.66,10,2,61,0,0
APTC57,AFTERPAY   JUL-20P61,1.955,3,1,61,0,0
APTC67,AFTERPAY   JUL-20C62,7.8,2,1,62,0,0
APTCG7,AFTERPAY   AUG-20P61,4.5,5,1,61,0,4.5
APTD17,AFTERPAY   JUL-20P63,2,3,1,63,0,0
APTE77,AFTERPAY   JUL-20C66,4.35,10,1,66,0,0
APTB67,AFTERPAY   AUG-20P57,3.9,30,1,57,0,0
APTJ17,AFTERPAY   AUG-20C80,4.145,4,1,80.01,0,4.145
APTJ97,AFTERPAY   JUL-20C75,1.5,41,2,75,0,1.5
APTJA7,AFTERPAY   JUL-20P75,8.33,2,1,75,0,8.33
APTKW7,AFTERPAY   JUL-20C10,0.145,50,3,100,0,0.145
APTKY7,AFTERPAY   JUL-20C10,0.095,30,1,100.01,0,0.095
AQDOC,AUSQUEST   OPT NOV21,0.004,500000,2,0.025,0,0
ARDOB,ARGENT MIN OPT OCT20,0.007,75000,1,0.025,0,0
AGLEO7,AGL ENERGY SEP-20P19,1.89,20,1,19.01,0,0
ANZ8X7,ANZ BANK   DEC-20C22,0.48,450,3,22,0,0
ANZCS8,ANZ BANK   SEP-20C18,1.83,50,1,18.01,0,1.83
ANZIO8,ANZ BANK   SEP-20C27,0.04,450,3,27,0,0
ANZJF9,ANZ BANK   JUL-20P20,1.535,5,1,20,0,0
ANZJI9,ANZ BANK   AUG-20C20,0.5,56,3,20,0,0
ANZJJ9,ANZ BANK   AUG-20P20,1.71,5,1,20,0,0
ANZUL8,ANZ BANK   JUL-20P18,0.035,100,1,18,0,0
ANZUN8,ANZ BANK   JUL-20P18,0.11,100,1,18.5,0,0
ANZVH9,ANZ BANK   DEC-20P12,0.16,250,1,12.25,0,0.16
ANZXU9,ANZ BANK   AUG-20P14,0.65,50,1,14.5,0,0
ANZZI8,ANZ BANK   JUL-20C19,0.74,30,1,19,0,0.74
ANZKU9,ANZ BANK   AUG-20P18,0.785,50,1,18.5,0,0
ANZMJ9,ANZ BANK   AUG-20P17,0.6,100,1,17.5,0,0
ANZQ27,ANZ BANK   OCT-20P15,0.22,50,1,15,0,0.22
AMCZG7,AMCOR PLC  JUL-20P13,0.175,30,1,13.5,0,0
AGLTM7,AGL ENERGY DEC-20P14,0.27,86,1,14.5,0,0.27
AMCBK8,AMCOR PLC  AUG-20C16,0.185,30,1,16,0,0
AMCIM7,AMCOR PLC  DEC-20C16,0.29,100,2,16,0,0
AMCQB7,AMCOR PLC  SEP-20C16,0.13,350,2,16.5,0,0
A2MK48,A2 MILK    AUG-20P17,0.44,1,1,17.5,0,0.44
A2MJ28,A2 MILK    JUL-20C18,1.25,40,2,18.5,0,0
A2MJ48,A2 MILK    JUL-20C19,0.355,10,1,19,0,0
A2MJG8,A2 MILK    JUL-20C19,0.295,10,1,19.5,0,0
A2MJT8,A2 MILK    AUG-20P15,0.16,155,3,15,0,0.16
AGLNR7,AGL ENERGY JUL-20P16,0.18,500,2,16,0,0
AGLQ97,AGL ENERGY AUG-20P17,0.52,18,1,17.5,0,0.52
ALDDO7,AMPOL      AUG-20C28,1.13,200,1,28.5,0,1.13
ALDFH7,AMPOL      AUG-20P24,0.24,50,1,24,0,0.24
ALDI77,AMPOL      DEC-20P22,0.68,46,1,22.01,0,0.68
ALUEM8,ALTIUM LTD SEP-20C34,3.15,1,1,34,0,3.15
WESTS8,WESFARMER  AUG-20C45,0.995,10,1,45.5,0,0
WESTN8,WESFARMER  AUG-20P44,1.69,8,1,44,0,0
WESMV8,WESFARMER  JUL-20P44,0.41,80,1,44.5,0,0
WESTL8,WESFARMER  AUG-20P43,0.94,40,1,43.5,0,0
WEST98,WESFARMER  AUG-20P42,0.475,10,1,42,0,0.475
WESS49,WESFARMER  AUG-20C47,0.925,10,1,47,0,0
WESST9,WESFARMER  JUL-20P46,0.66,50,1,46.01,0,0.66
WESMG9,WESFARMER  OCT-20P42,1.35,20,1,42.5,0,1.35
WESQY9,WESFARMER  JUL-20P43,0.77,120,1,43.01,0,0
WBCYG9,WESTPAC    SEP-20P18,0.86,20,1,18,0,0
WES0J9,WESFARMER  MAR-21P43,2.92,20,1,43,0,2.92
WESD68,WESFARMER  DEC-20P44,2.8,50,1,44.88,0,2.8
WESN58,WESFARMER  JUL-20C47,0.415,26,5,47,0,0.415
WESQ47,WESFARMER  JUN-21P44,4.18,20,1,44.66,0,4.18
WORXI7,WORLEY     SEP-20P85,0.66,150,1,8.5,0,0.66
WESYD9,WESFARMER  MAR-21P38,1.38,50,1,38,0,1.38
WOAO,WIDE OPEN  OPT JUN21,0.13,4000,1,0.3,0,0
WPLJZ8,WOODSIDE   SEP-20C35,0.015,15,1,35.01,0,0
WPLIZ9,WOODSIDE   JUL-20P31,15.75,30,1,31.01,0,0
WPLJD9,WOODSIDE   JUL-20C23,0.07,10,1,23.5,0,0
WPLPZ9,WOODSIDE   JUL-20C22,0.4,50,1,22.5,0,0
WPLQ99,WOODSIDE   AUG-20P19,0.5,10,1,19.5,0,0
WRMO,WHITEROCK  OPT NOV22,0.005,275000,3,0.01,0,0
WTCP58,WISETECH   AUG-20C26,0.35,2,1,26,0,0.35
XJO6Q8,S&P/ASX200 SEP-20C64,61,750,1,6400,0,0
XJO6V7,S&P/ASX200 AUG-20C62,63,20,2,6250,0,0
XJO9F8,S&P/ASX200 SEP-20P65,800,2,1,6500,0,0
XJO9J7,S&P/ASX200 AUG-20C63,82,30,1,6300,0,0
XJO9U9,S&P/ASX200 AUG-20P60,205,50,2,6025,0,0
XJO5Q8,S&P/ASX200 SEP-20C61,210,1,1,6100,0,0
XJO4F9,S&P/ASX200 DEC-20C50,1013,1,1,5000,0,0
XJO4G9,S&P/ASX200 DEC-20P50,139,1,1,5000,0,0
XJO4Z8,S&P/ASX200 SEP-20C59,208,500,1,5900,0,0
XJO3U8,S&P/ASX200 SEP-20P55,170,2,1,5500,0,0
WTCZX7,WISETECH   AUG-20P13,0.2,18,1,13.5,0,0.2
XJO0A8,S&P/ASX200 JUL-20P47,1,30,1,4775,0,1
XJO0H8,S&P/ASX200 AUG-20P61,198,12,1,6100,0,0
XJOBN7,S&P/ASX200 AUG-20C57,352,3,1,5700,0,0
XJOBJ9,S&P/ASX200 JUL-20P52,4,15,1,5200,0,0
XJOD98,S&P/ASX200 JUN-21P48,202,150,1,4800,0,202
XJODL8,S&P/ASX200 JUN-21P50,242,1,1,5000,0,242
XJOE38,S&P/ASX200 DEC-20P60,494,1000,1,6000,0,0
XJOE58,S&P/ASX200 DEC-20P54,212,1,1,5400,0,0
XJO9V9,S&P/ASX200 AUG-20C60,114,1,1,6050,0,0
XJO9Z9,S&P/ASX200 AUG-20C60,196,50,2,6075,0,0
XJO8U9,S&P/ASX200 AUG-20P59,170,5,1,5975,0,170
XJOBH7,S&P/ASX200 JUL-20C57,409,2,2,5700,0,0
XJOIN9,S&P/ASX200 JUL-20P57,117,7,1,5700,0,0
XJOIO8,S&P/ASX200 AUG-20P56,195,116,1,5675,0,0
XJOIR9,S&P/ASX200 JUL-20P57,36,50,1,5750,0,0
XJOIU9,S&P/ASX200 AUG-20P66,985,7,1,6675,0,0
XJOFS8,S&P/ASX200 JUL-20P54,58,130,1,5475,0,0
XJOFX7,S&P/ASX200 AUG-20C58,320,1,1,5850,0,0
XJOFY7,S&P/ASX200 AUG-20P58,140,10,6,5850,0,0
XJOG78,S&P/ASX200 JUL-20P56,44,10,1,5650,0,0
XJOGX8,S&P/ASX200 AUG-20P54,103,6,2,5400,0,0
XJOHY9,S&P/ASX200 JUL-20P55,20,20,1,5500,0,20
XJOCI8,S&P/ASX200 AUG-20P32,1,150,1,3200,0,1
XJOD17,S&P/ASX200 JUL-20C59,178,4,1,5925,0,0
XJOFL7,S&P/ASX200 JUL-20C58,143,1,1,5825,0,0
XJOFN7,S&P/ASX200 JUL-20C58,152,50,2,5850,0,0
XJOFP8,S&P/ASX200 JUL-20C54,550,29,1,5450,0,0
XJOXG8,S&P/ASX200 JUL-20C62,22,251,12,6250,0,0
XJOW89,S&P/ASX200 AUG-20C65,32,8,1,6500,0,0
XJOWA9,S&P/ASX200 AUG-20C66,24,12,3,6600,0,0
XJOWL8,S&P/ASX200 JUL-20P54,25,135,2,5475,0,0
XJOXC8,S&P/ASX200 MAR-21C70,28,12,2,7000,0,0
XJOXC9,S&P/ASX200 JUL-20C59,190,50,3,5900,0,0
XJOY28,S&P/ASX200 JUL-20C64,8,11,2,6400,0,0
XJOY58,S&P/ASX200 JUL-20C54,592,31,2,5450,0,592
XJOZ37,S&P/ASX200 DEC-20P65,760,1,1,6500,0,0
XJOZ89,S&P/ASX200 JUL-20C58,187,1,1,5800,0,0
XJOZ99,S&P/ASX200 JUL-20P58,33,45,4,5800,0,0
XJOZR7,S&P/ASX200 JUL-20C61,62,41,4,6150,0,0
XJOVF8,S&P/ASX200 JUL-20P60,75,10,1,6075,0,0
XJOVQ8,S&P/ASX200 JUL-20C62,13,106,4,6225,0,0
XJOVS8,S&P/ASX200 JUL-20C62,6,109,4,6250,0,0
XJOVU8,S&P/ASX200 JUL-20C62,9,40,1,6275,0,0
XJOVW8,S&P/ASX200 JUL-20C63,4,7,1,6300,0,0
XJOW28,S&P/ASX200 MAR-21C66,152,6,2,6600,0,0
XJOW69,S&P/ASX200 AUG-20C60,248,30,2,6000,0,0
XJOUA7,S&P/ASX200 JUL-20P57,116,4,1,5725,0,0
XJOUC7,S&P/ASX200 JUL-20P57,33,44,6,5750,0,0
XJOUO7,S&P/ASX200 SEP-20C45,1442,20,3,4500,0,0
XJOL49,S&P/ASX200 JUL-20C62,46,10,1,6275,0,0
XJOL98,S&P/ASX200 NOV-20P64,719,3,2,6400,0,0
XJOK49,S&P/ASX200 JUL-20C59,203,2,1,5925,0,0
XJOK79,S&P/ASX200 JUL-20P59,75,6,1,5950,0,75
XJOLZ7,S&P/ASX200 JUL-20P66,520,7,1,6600,0,0
XJOM87,S&P/ASX200 JUL-20P67,910,7,1,6700,0,0
XJOJG9,S&P/ASX200 AUG-20C69,5,40,2,6925,0,5
XJOSJ9,S&P/ASX200 JUL-20P59,105,2,1,5975,0,105
XJOQX8,S&P/ASX200 JUL-20C64,19,20,1,6425,0,0
XJORD8,S&P/ASX200 JUL-20C57,204,2,2,5700,0,0
XJORE8,S&P/ASX200 JUL-20P57,5,20,1,5700,0,0
XJORI8,S&P/ASX200 JUL-20P57,6,18,2,5750,0,0
XJORK8,S&P/ASX200 JUL-20P57,13,20,1,5775,0,0
XJOSR8,S&P/ASX200 JUL-20C58,120,1,1,5875,0,0
XJOSU9,S&P/ASX200 JUL-20C61,106,6,2,6100,0,106
SYDCZ7,SYDAIRPORT JUL-20P55,0.095,300,2,5.51,0,0
SUN8X7,SUNCORP    AUG-20C90,0.38,145,1,9,0,0
SUNFV7,SUNCORP    AUG-20C10,0.15,70,1,10.01,0,0.15
SYAOC,SAYONA     OPT APR23,0.002,993237,3,0.02,0,0
SYD0N8,SYDAIRPORT JUL-20P52,0.035,500,1,5.25,0,0
SYD2J7,SYDAIRPORT AUG-20C65,0.07,49,1,6.5,0,0
TAH8J7,TABCORP    AUG-20P32,0.11,300,1,3.2,0,0.11
TAH8Q7,TABCORP    AUG-20P34,0.19,20,1,3.4,0,0.19
TCL5K7,TRANSURBAN AUG-20P12,0.18,50,1,12.75,0,0.18
TCLCG9,TRANSURBAN SEP-20C16,0.22,2,1,16,0,0.22
TCLDN7,TRANSURBAN OCT-20P13,0.41,1,1,13,0,0.41
TCLE47,TRANSURBAN OCT-20C15,0.57,40,1,15,0,0.57
SHL2K7,SONIC HLTH DEC-20P32,3,5,1,32.5,0,3
SHLKO7,SONIC HLTH MAR-21C34,1.28,107,1,34,0,1.28
SHLXF9,SONIC HLTH SEP-20C33,0.535,300,1,33,0,0.535
STOEH8,SANTOS     JUL-20C55,0.1,127,1,5.5,0,0.1
STOLB8,SANTOS     JUL-20C55,0.105,15,1,5.5,0,0
SUN4J8,SUNCORP    AUG-20P80,0.105,100,1,8,0,0.105
SUN8K7,SUNCORP    JUL-20C87,0.8,145,1,8.75,0,0
STOWS7,SANTOS     DEC-20C87,0.04,400,1,8.76,0,0
STOYD7,SANTOS     JUL-20C55,0.04,15,1,5.5,0,0
S32RK7,SOUTH32    OCT-20C25,0.055,145,1,2.5,0,0.055
SEKWM9,SEEK       JUL-20P21,0.18,30,1,21,0,0.18
SEKWQ9,SEEK       JUL-20P22,0.65,40,1,22,0,0.65
SEKYL9,SEEK       AUG-20P21,0.7,25,1,21,0,0.7
RIOX98,RIO TINTO  DEC-20P92,6.9,20,1,92.57,0,6.9
RIOUZ8,RIO TINTO  JUL-20P98,1.8,250,3,98,0,0
RIOV18,RIO TINTO  JUL-20C99,0.58,100,2,99,0,0
RIOVB8,RIO TINTO  JUL-20C10,0.19,100,2,102,0,0
S32G57,SOUTH32    AUG-20C21,0.11,50,1,2.18,0,0
RLGO,ROOLIFEGRO OPT OCT21,0.004,1324054,4,0.05,0,0
RIOUL7,RIO TINTO  JUL-20C10,0.15,40,1,106,0,0
RPMO,RPMAUTOGRP OPT AUG21,0.014,2500,1,0.25,0,0
TLS9N9,TELSTRA    AUG-20P33,0.18,50,1,3.3,0,0
TLS9U9,TELSTRA    AUG-20P34,0.125,60,2,3.4,0,0.125
TLS9V9,TELSTRA    AUG-20C35,0.055,50,1,3.5,0,0
TLS7N9,TELSTRA    JUL-20P28,0.025,300,1,2.88,0,0
TLSFO8,TELSTRA    NOV-20C34,0.16,140,1,3.4,0,0.16
TLSFQ8,TELSTRA    NOV-20C35,0.13,180,2,3.5,0,0.13
TLSM68,TELSTRA    JUL-20C32,0.09,200,1,3.27,0,0
TLSQZ8,TELSTRA    SEP-20C36,0.12,10000,1,3.6,0,0
TLSR19,TELSTRA    DEC-20C35,0.06,120,1,3.53,0,0
TONOD,TRITONMIN  OPT SEP20,0.005,350000,3,0.1,0,0
TWEX37,TREA WINE  SEP-20C12,0.2,200,1,12.51,0,0.2
VUKQJ8,V MONEY UK AUG-20C18,0.11,10,1,1.8,0,0.11
WBC0U8,WESTPAC    SEP-20C19,0.62,35,1,19.01,0,0
WBC0V7,WESTPAC    JUL-20P17,0.085,1055,6,17.5,0,0
WBC1G7,WESTPAC    AUG-20P16,0.56,50,1,16.5,0,0
WBC2V7,WESTPAC    AUG-20P17,0.345,50,1,17,0,0
WBC2Z7,WESTPAC    AUG-20P17,0.9,1055,6,17.5,0,0
WBC9M7,WESTPAC    JUN-21P15,2.325,200,2,15,0,0
WBCD98,WESTPAC    SEP-20C21,0.18,2200,1,21.5,0,0.18
WBCDN9,WESTPAC    JUL-20C19,0.17,180,1,19.01,0,0
WBCY48,WESTPAC    AUG-20C20,0.25,12,1,20.01,0,0
WBCSO9,WESTPAC    JUN-23C15,4.35,30,1,15,0,4.35
WBCTS9,WESTPAC    JUL-20C20,0.03,40,1,20.5,0,0
WBCUW8,WESTPAC    SEP-20C22,0.145,200,1,22,0,0
WBCVE9,WESTPAC    JUN-23C23,0.89,30,1,23,0,0.89
WBCWC9,WESTPAC    JUL-20C18,0.5,18,1,18.5,0,0.5
WBCWD9,WESTPAC    JUL-20P18,0.54,38,2,18.5,0,0.54
WBC0N8,WESTPAC    SEP-20C18,0.3,35,1,18.01,0,0
WBCK37,WESTPAC    JUN-21P22,6.8,200,2,22,0,0
WBCKU9,WESTPAC    JUN-22P24,4.29,400,2,24,0,0
WBCMT9,WESTPAC    JUL-20C18,0.26,40,1,18.5,0,0
NCMJ89,NEWCREST   JUL-20P31,0.45,30,1,31,0,0.45
NCMJD9,NEWCREST   JUL-20C32,1.145,30,1,32.5,0,1.145
NCMJF9,NEWCREST   JUL-20C33,0.88,100,1,33,0,0.88
NCMJJ9,NEWCREST   JUL-20C34,0.51,100,1,34,0,0.51
NCMJW7,NEWCREST   MAR-21P32,3.97,10,1,32,0,3.97
NABV97,NAT. BANK  DEC-20C21,0.47,20,1,21.51,0,0.47
NABVI8,NAT. BANK  DEC-21C20,1.6,15,1,20,0,0
NABWF7,NAT. BANK  JUN-23P19,4.09,6,1,19,0,4.09
NABWK8,NAT. BANK  DEC-20P12,0.16,200,1,12.25,0,0.16
NABWQ8,NAT. BANK  DEC-20P13,0.225,250,1,13,0,0.225
NABWQ9,NAT. BANK  JUN-21P21,6.5,200,1,21,0,0
NABYA7,NAT. BANK  JUL-20P17,0.155,200,1,17.5,0,0.155
NACOA,NAOS EX-50 OPT MAR23,0.046,26300,1,1.03,0,0
NCM1U7,NEWCREST   AUG-20C33,1.76,10,1,33,0,0
NCM1V7,NEWCREST   AUG-20P33,2.23,45,2,33,0,2.23
NCM7H7,NEWCREST   SEP-20C39,0.475,100,1,39.5,0,0.475
NCMB39,NEWCREST   JUL-20C34,0.08,100,2,34.5,0,0
NCMVJ9,NEWCREST   AUG-20C32,2.19,5,1,32,0,0
NOXO,NOXOPHARM  OPT JUN23,0.071,24393,33,0.3,0,0
NCMQN7,NEWCREST   MAR-21P32,4.185,70,1,32.5,0,4.185
NCMQP7,NEWCREST   SEP-20C34,1.8,16,1,34,0,0
NCML68,NEWCREST   SEP-20P24,0.185,100,1,24.5,0,0.185
NCMV39,NEWCREST   AUG-20C28,3.8,5,1,28,0,0
ORINW8,ORICA      SEP-20P16,0.705,80,1,16,0,0.705
OZLXG9,OZMINER    JUL-20P10,0.45,300,1,10.75,0,0
OZLXK9,OZMINER    JUL-20P11,0.075,240,3,11.25,0,0.075
OSHVG7,OIL SEARCH OCT-20P27,0.18,30,2,2.7,0,0.18
OZL1Z7,OZMINER    AUG-20P11,0.27,45,2,11,0,0.27
OZLDP7,OZMINER    AUG-20C12,0.24,100,1,12.25,0,0
OZLE87,OZMINER    OCT-20C12,0.5,10,1,12.5,0,0.5
OZLEL7,OZMINER    AUG-20C12,0.24,120,1,12.75,0,0.24
RIOUN8,RIO TINTO  JUL-20P93,0.29,50,1,93,0,0
RIOU67,RIO TINTO  JUL-20P96,1.61,3,1,96,0,0
RIOU77,RIO TINTO  JUL-20C97,2.58,70,2,97,0,0
RION97,RIO TINTO  JUL-20P10,12.95,40,2,106.01,0,0
RIONP8,RIO TINTO  JUL-20P84,0.43,20,1,84,0,0
RIOLO8,RIO TINTO  JUL-20P90,0.45,20,1,90.01,0,0
RIOLP8,RIO TINTO  JUL-20C91,8.25,40,1,91.01,0,0
RIOLQ8,RIO TINTO  JUL-20P91,0.55,120,6,91.01,0,0.55
RIOJY8,RIO TINTO  JUL-20P88,0.39,190,3,88,0,0
RIOFW7,RIO TINTO  AUG-20C10,1.3,60,1,104,0,0
RIOG17,RIO TINTO  AUG-20C10,1.3,3,1,106,0,0
QANMG7,QANTAS     SEP-20P35,0.21,29,1,3.5,0,0
QBEEU7,QBE INSUR. JUL-20P95,0.21,20,1,9.5,0,0.21
QBEES7,QBE INSUR. JUL-20P92,0.13,180,1,9.25,0,0.13
PTXOC,PRESCIENT  OPT MAR23,0.032,854870,6,0.0625,0,0
QANIH7,QANTAS     JUL-20P43,0.34,50,1,4.3,0,0
RIOEX9,RIO TINTO  JUL-20C97,1.82,3,1,97,0,1.82
RIOFR9,RIO TINTO  JUL-20C99,1.1,7,1,99,0,1.1
RIO7N9,RIO TINTO  JUL-20C81,14,80,2,81.01,0,0
QBEVW9,QBE INSUR. SEP-20C10,0.24,10,1,10.25,0,0.24
QBED29,QBE INSUR. MAR-21C12,0.22,100,1,12,0,0.22
QBEF98,QBE INSUR. SEP-20P10,0.93,2,1,10,0,0.93
CSLTK8,CSL        SEP-20C28,20.7,2,1,288,-0.048,-0.01
S32GZ7,SOUTH32    AUG-20C1,2.115,50,1,0.01,-0.236,-0.005
BHPLQ8,BHP GROUP  AUG-20C37,0.955,49,2,37.01,-0.521,-0.005
GMGBQ7,GOOD GROUP SEP-20P15,0.755,100,1,15.5,-0.658,-0.005
NCMKS8,NEWCREST   AUG-20C34,1.15,20,1,34.5,-0.862,-0.01
WBCYD9,WESTPAC    AUG-20C18,1.14,14,2,18,-0.87,-0.01
ANZKT9,ANZ BANK   AUG-20C18,1.29,135,4,18.5,-1.149,-0.015
FLTKB7,FLIGHT CTR JUL-20C11,0.85,230,2,11.32,-1.163,-0.01
XJO0G8,S&P/ASX200 AUG-20C61,158,11,2,6100,-1.25,-2
CBAPU9,CWLTH BANK JUL-20P85,13.9,10,1,85.01,-1.418,-0.2
LLCI68,LEND LEASE AUG-20C14,0.295,102,2,14,-1.667,-0.005
APTGY7,AFTERPAY   JUL-20C69,3.08,12,4,69,-2.222,-0.07
MAGOA,MAGMATIC   OPT AUG21,0.215,10000,2,0.1,-2.273,-0.005
XJOFQ7,S&P/ASX200 JUL-20P58,40,13,3,5875,-2.439,-1
XJOXQ9,S&P/ASX200 JUL-20P60,78,66,8,6000,-2.5,-2
SGMRO7,SIMS METAL DEC-20C90,0.39,20,1,9,-2.5,-0.01
IPLJC7,INCITEC PV JUL-20C1,1.865,35,1,0.01,-2.611,-0.05
ANZZY7,ANZ BANK   JUL-20C17,1.8,50,1,17.51,-2.703,-0.05
CSLM69,CSL        DEC-20P40,108.85,26,2,400,-2.813,-3.15
NABTV7,NAT. BANK  JUL-20C19,0.165,103,3,19,-2.941,-0.005
SUN8N7,SUNCORP    JUL-20C90,0.325,25,1,9,-2.985,-0.01
NABKR8,NAT. BANK  JUL-20C19,0.32,53,2,19,-3.03,-0.01
XJO5K8,S&P/ASX200 SEP-20P60,252,656,3,6000,-3.077,-8
NABL38,NAT. BANK  SEP-20P18,0.93,110,2,18.5,-3.125,-0.03
CSLN37,CSL        JUL-20C18,111.5,2,1,180.01,-3.254,-3.75
XJO8G9,S&P/ASX200 JUL-20C60,89,11,2,6075,-3.261,-3
ANZKR9,ANZ BANK   JUL-20C19,0.58,10,1,19,-3.333,-0.02
WPLL69,WOODSIDE   DEC-20P19,1.38,100,1,19.91,-3.497,-0.05
NCMVH9,NEWCREST   AUG-20C31,2.31,10,1,31.5,-3.75,-0.09
FLTD47,FLIGHT CTR SEP-20C14,0.5,20,1,14.95,-3.846,-0.02
BHP1J8,BHP GROUP  DEC-20P38,4.9,3,1,38.83,-3.922,-0.2
NCMU19,NEWCREST   SEP-20C30,3.26,10,1,30,-4.118,-0.14
XJOSB7,S&P/ASX200 OCT-20P61,325,1,1,6100,-4.13,-14
TCLZ29,TRANSURBAN JUL-20C14,0.23,30,1,14.5,-4.167,-0.01
BXB5F7,BRAMB LTD  JUL-20P10,0.115,75,2,10.5,-4.167,-0.005
CBARQ9,CWLTH BANK AUG-20C79,0.575,10,1,79,-4.167,-0.025
XJOIA9,S&P/ASX200 DEC-20P85,2485,10,1,8500,-4.423,-115
WOW6Z7,WOOLWORTHS SEP-20P37,1.7,5,1,37.5,-4.494,-0.08
ADNOB,ANDROMEDA  OPT NOV20,0.04,742000,9,0.012,-4.762,-0.002
AWC4Q8,ALUMINA    SEP-20C17,0.1,50,1,1.7,-4.762,-0.005
NCMIN9,NEWCREST   JUL-20P31,0.39,10,1,31.5,-4.878,-0.02
RIOCS9,RIO TINTO  JUN-23C90,15.5,10,1,90,-4.908,-0.8
CBAW58,CWLTH BANK MAR-21P68,5.23,3,1,68,-4.909,-0.27
NCMVT8,NEWCREST   JUL-20P32,0.56,60,1,32.01,-5.085,-0.03
RIOUR8,RIO TINTO  JUL-20P95,0.9,13,2,95,-5.263,-0.05
S32BO7,SOUTH32    JUL-20C20,0.09,3,1,2.08,-5.263,-0.005
CSLLI8,CSL        AUG-20C31,5.3,2,1,314,-5.357,-0.3
TWEVD7,TREA WINE  JUL-20P11,0.26,200,1,11,-5.455,-0.015
ORGRZ8,ORIGIN ENE AUG-20C67,0.085,170,1,6.76,-5.556,-0.005
WES0G9,WESFARMER  DEC-20P44,2.53,25,1,44.19,-5.597,-0.15
CSLD99,CSL        SEP-20C30,12.75,1,1,300,-5.695,-0.77
AMCRG7,AMCOR PLC  SEP-20C16,0.33,2114,5,16.01,-5.714,-0.02
XJO5J8,S&P/ASX200 SEP-20C60,258,672,3,6000,-5.839,-16
XJO6G8,S&P/ASX200 SEP-20C62,145,2,1,6250,-5.844,-9
FLTGN7,FLIGHT CTR JUL-20C12,0.31,15,1,12.39,-6.061,-0.02
XJOV48,S&P/ASX200 JUL-20C59,107,38,4,5950,-6.14,-7
WPLKO9,WOODSIDE   AUG-20C23,0.59,20,1,23,-6.349,-0.04
RIOMU8,RIO TINTO  AUG-20C72,22,10,1,72.01,-6.383,-1.5
ANZMK9,ANZ BANK   AUG-20C18,1.6,40,1,18,-6.433,-0.11
BHPZW9,BHP GROUP  OCT-20P33,1.55,60,3,33.5,-6.627,-0.11
IMUOC,IMUGENE    OPT NOV22,0.014,582712,4,0.054,-6.667,-0.001
STOM18,SANTOS     AUG-20C57,0.14,100,1,5.75,-6.667,-0.01
ANZI29,ANZ BANK   AUG-20C20,0.34,15,1,20.5,-6.849,-0.025
WOWFN9,WOOLWORTHS MAR-21P36,2.3,20,1,36,-6.883,-0.17
RIOKA8,RIO TINTO  JUL-20C73,22.47,20,2,73.01,-6.957,-1.68
ORGR27,ORIGIN ENE JUL-20C62,0.065,40,1,6.25,-7.143,-0.005
BHPSF7,BHP GROUP  AUG-20C36,1.495,123,4,36,-7.143,-0.115
FMGGS7,FORTESCUE  JUL-20P16,2.55,8,1,16.5,-7.273,-0.2
BHPER9,BHP GROUP  SEP-20P32,1,3,1,32.51,-7.407,-0.08
NECI27,NINE ENT   SEP-20P14,0.12,74,1,1.4,-7.692,-0.01
FMGJ19,FORTESCUE  SEP-20P13,1.31,22,1,13.77,-7.746,-0.11
ANZJG9,ANZ BANK   AUG-20C19,0.71,180,1,19.5,-7.792,-0.06
XJOKG9,S&P/ASX200 JUL-20C60,115,925,12,6050,-8,-10
ANZJE9,ANZ BANK   JUL-20C20,0.11,65,3,20,-8.333,-0.01
BHPC98,BHP GROUP  JUL-20P36,0.44,40,2,36,-8.333,-0.04
MQG3X7,MACQ GROUP SEP-20P14,24.75,5,1,148.01,-8.333,-2.25
XJOKK9,S&P/ASX200 JUL-20C60,118,12,3,6075,-8.527,-11
QBEZI9,QBE INSUR. DEC-20C95,0.75,50,1,9.5,-8.537,-0.07
BHP9J9,BHP GROUP  MAR-21C36,2.51,734,3,36.5,-8.561,-0.235
XJOXP9,S&P/ASX200 JUL-20C60,115,90,7,6000,-8.73,-11
WPLG58,WOODSIDE   SEP-20C24,0.51,30,2,24,-8.929,-0.05
CBAX19,CWLTH BANK AUG-20P71,3.05,5,1,71,-8.955,-0.3
FMGLL9,FORTESCUE  AUG-20C15,0.3,175,3,15,-9.091,-0.03
ANZP28,ANZ BANK   SEP-20C21,0.4,40,2,21,-9.091,-0.04
AMP8Z9,AMP        JUL-20C18,0.05,390,2,1.85,-9.091,-0.005
NABU77,NAT. BANK  SEP-20C21,0.3,20,1,21,-9.091,-0.03
XJOW79,S&P/ASX200 AUG-20P60,167,71,12,6000,-9.239,-17
FMGFN9,FORTESCUE  AUG-20C14,0.68,450,3,14,-9.333,-0.07
XJOV58,S&P/ASX200 JUL-20P59,29,67,11,5950,-9.375,-3
NABP57,NAT. BANK  SEP-20C19,0.67,20,1,19.51,-9.459,-0.07
BHPSD7,BHP GROUP  AUG-20C35,1.75,1,1,35.5,-9.794,-0.19
BHPSB7,BHP GROUP  AUG-20C35,2,50,1,35,-9.91,-0.22
QBEF87,QBE INSUR. AUG-20C10,0.225,60,1,10,-10,-0.025
XJOTI8,S&P/ASX200 JUL-20C59,177,56,5,5900,-10.152,-20
ANZJC9,ANZ BANK   JUL-20C19,0.25,180,3,19.5,-10.714,-0.03
DYLO,D YELLOW   OPT JUN22,0.04,115000,2,0.5,-11.111,-0.005
RMLOA,RESOLMIN   OPT JUN22,0.04,150000,3,0.1,-11.111,-0.005
FMGIJ9,FORTESCUE  AUG-20C14,0.55,11,1,14.25,-11.29,-0.07
VULO,VULCAN E   OPT JAN21,0.23,121700,8,0.285,-11.538,-0.03
XJOTE8,S&P/ASX200 MAR-21C65,219,10,1,6500,-12.4,-31
FMGI57,FORTESCUE  JUL-20P13,0.105,95,1,13.25,-12.5,-0.015
NABIP8,NAT. BANK  JUL-20C20,0.035,30,2,20.5,-12.5,-0.005
ANZKQ9,ANZ BANK   JUL-20P18,0.175,30,1,18.5,-12.5,-0.025
XJOKJ9,S&P/ASX200 JUL-20P60,119,49,2,6050,-13.139,-18
XJOUP7,S&P/ASX200 SEP-20P45,26,2,1,4500,-13.333,-4
XJOVM8,S&P/ASX200 JUL-20C61,13,175,6,6175,-13.333,-2
WBCFI8,WESTPAC    OCT-20P15,0.26,50,1,15,-13.333,-0.04
BHPXT7,BHP GROUP  SEP-20P32,0.84,12,1,32.01,-13.402,-0.13
CBAWQ9,CWLTH BANK AUG-20P72,3.55,20,1,72,-13.415,-0.55
BHPEH7,BHP GROUP  JUL-20C35,0.935,30,1,35.5,-13.426,-0.145
BHPT67,BHP GROUP  AUG-20C37,0.77,40,2,37.5,-13.483,-0.12
BHPUV9,BHP GROUP  DEC-20C36,2.1,161,1,36.42,-13.58,-0.33
XJOT19,S&P/ASX200 JUL-20C61,88,120,11,6175,-13.725,-14
APTE87,AFTERPAY   JUL-20P66,2.58,1,1,66,-14,-0.42
CCLLB7,CC AMATIL  JUL-20P90,0.18,1,1,9,-14.286,-0.03
WCNOE,WHITECLIFF OPT FEB24,0.006,2000000,8,0.015,-14.286,-0.001
CSLX78,CSL        SEP-20P29,15.43,10,2,290,-14.302,-2.575
NAB6V8,NAT. BANK  AUG-20P18,0.59,110,2,18.01,-14.493,-0.1
CBABF7,CWLTH BANK JUL-20C74,0.35,70,1,74.01,-14.634,-0.06
MQGGS7,MACQ GROUP JUL-20C13,0.405,60,2,130,-14.737,-0.07
XJOFB9,S&P/ASX200 DEC-20P48,103,9,3,4800,-14.876,-18
WPLKN9,WOODSIDE   JUL-20P23,1.34,10,1,23,-14.921,-0.235
CBAWZ9,CWLTH BANK AUG-20C71,2.815,4,1,71,-14.955,-0.495
BLD5X7,BORAL LTD  JUL-20C39,0.085,45,1,3.9,-15,-0.015
SEKEG7,SEEK       OCT-20C24,0.51,50,1,24,-15,-0.09
CSLL38,CSL        AUG-20C31,6.2,14,4,310,-15.068,-1.1
XJOBU7,S&P/ASX200 AUG-20P58,106,81,8,5800,-15.2,-19
XJOVB8,S&P/ASX200 JUL-20P60,50,27,3,6025,-15.254,-9
BHPJH7,BHP GROUP  AUG-20C40,0.25,20,1,40,-15.254,-0.045
STOLY8,SANTOS     AUG-20C55,0.22,100,1,5.5,-15.385,-0.04
SHLVG9,SONIC HLTH SEP-20P28,0.55,6,1,28.01,-15.385,-0.1
NCMKQ8,NEWCREST   AUG-20C34,1.25,66,3,34,-15.541,-0.23
BLD9X7,BORAL LTD  JUL-20P38,0.135,110,2,3.8,-15.625,-0.025
FLTGX7,FLIGHT CTR AUG-20C12,0.925,63,17,12.18,-15.909,-0.175
WPLPT9,WOODSIDE   JUL-20C21,0.95,150,2,21,-15.929,-0.18
CBAJA7,CWLTH BANK JUL-20P72,1,250,5,72,-15.966,-0.19
WBCYC9,WESTPAC    JUL-20P18,0.21,60,2,18,-16,-0.04
XJOV38,S&P/ASX200 JUL-20P59,21,188,6,5925,-16,-4
XJO8N9,S&P/ASX200 AUG-20P59,146,2,1,5950,-16.092,-28
XJOBS7,S&P/ASX200 AUG-20P57,100,2,1,5700,-16.667,-20
STOYB7,SANTOS     JUL-20C52,0.1,100,1,5.25,-16.667,-0.02
FGROC,FIRSTGRAPH OPT AUG21,0.015,25500,2,0.2,-16.667,-0.003
CSLRK8,CSL        AUG-20C30,10,1,1,300,-16.667,-2
RIOUS8,RIO TINTO  JUL-20C96,1.14,70,3,96,-16.788,-0.23
XJOBI7,S&P/ASX200 JUL-20P57,19,81,8,5700,-17.391,-4
ASX8V8,ASX        AUG-20P87,2.6,10,1,87,-17.722,-0.56
CBA4U7,CWLTH BANK AUG-20P66,1.11,40,1,66,-17.778,-0.24
RIOCP8,RIO TINTO  AUG-20C10,1.7,75,2,100.01,-17.874,-0.37
CSLW18,CSL        AUG-20P29,11.4,1,1,290,-17.986,-2.5
BHPEO7,BHP GROUP  JUL-20C37,0.25,70,2,37,-18.033,-0.055
ORGQ57,ORIGIN ENE JUL-20P67,0.77,35,1,6.75,-18.085,-0.17
RIOTQ8,RIO TINTO  JUL-20P92,0.8,75,1,92.01,-18.367,-0.18
XJOFO7,S&P/ASX200 JUL-20P58,40,48,7,5850,-18.367,-9
CBA4N7,CWLTH BANK AUG-20P65,1,1,1,65,-18.699,-0.23
ALDDM7,AMPOL      JUL-20C28,0.5,10,1,28.5,-18.699,-0.115
XJOBG7,S&P/ASX200 JUL-20P56,13,51,4,5600,-18.75,-3
XJOXR9,S&P/ASX200 JUL-20C60,86,184,6,6050,-18.868,-20
QANKC7,QANTAS     AUG-20C41,0.15,100,1,4.1,-18.919,-0.035
PDIOA,PREDICTIVE OPT DEC22,0.059,135000,3,0.018,-19.178,-0.014
VUKQW8,V MONEY UK JUL-20P17,0.105,100,1,1.75,-19.231,-0.025
BHPEL7,BHP GROUP  JUL-20C36,0.42,20,1,36.5,-19.231,-0.1
AUROC,AURISMINE  OPT NOV20,0.004,475000,1,0.08,-20,-0.001
STWCH8,SPDR 200   SEP-20P51,1,2,1,51,-20,-0.25
APTFQ7,AFTERPAY   JUL-20P68,3.47,11,2,68,-20.23,-0.88
WBCMU9,WESTPAC    JUL-20P18,0.235,30,2,18.5,-20.339,-0.06
XJOJ97,S&P/ASX200 NOV-20P55,193,1,1,5500,-20.576,-50
CWNBL7,CROWN      SEP-20P90,0.49,10,1,9,-20.968,-0.13
BOQZ87,BANK QLD   SEP-20C70,0.15,78,1,7,-21.053,-0.04
NCMIO9,NEWCREST   JUL-20C32,0.99,282,5,32,-21.429,-0.27
XJOXU9,S&P/ASX200 JUL-20P60,84,14,3,6050,-21.495,-23
BSLJ67,BLUESCOPE  SEP-20C12,0.345,200,1,12.01,-21.591,-0.095
BXB8M7,BRAMB LTD  AUG-20C11,0.21,35,1,11.5,-22.222,-0.06
FMGFO9,FORTESCUE  AUG-20P14,0.7,30,1,14,-22.222,-0.2
WBC0M7,WESTPAC    JUL-20P16,0.035,200,1,16.5,-22.222,-0.01
NCMIQ9,NEWCREST   JUL-20C32,0.675,150,2,32.5,-22.414,-0.195
SGRKB8,STAR ENT   AUG-20C31,0.12,1,1,3.1,-22.581,-0.035
NCMIK9,NEWCREST   JUL-20C31,1.7,12,2,31,-22.727,-0.5
APTFO7,AFTERPAY   JUL-20P67,3.12,5,1,67,-22.963,-0.93
BOQMY8,BANK QLD   AUG-20C70,0.1,100,1,7,-23.077,-0.03
NABN48,NAT. BANK  JUL-20P17,0.05,20,1,17,-23.077,-0.015
RIOXK8,RIO TINTO  SEP-20C10,1.4,300,5,104.96,-23.077,-0.42
XJO7Z9,S&P/ASX200 JUL-20C60,90,2,1,6025,-23.729,-28
SGMU47,SIMS METAL AUG-20C77,0.38,2,1,7.75,-24,-0.12
S32G97,SOUTH32    AUG-20C23,0.03,400,1,2.38,-25,-0.01
TCL3N7,TRANSURBAN AUG-20P13,0.21,50,1,13,-25,-0.07
XJOBE7,S&P/ASX200 JUL-20P55,9,33,6,5500,-25,-3
WPLPX9,WOODSIDE   JUL-20C22,0.39,28,2,22,-25,-0.13
WPLQ79,WOODSIDE   AUG-20P19,0.36,60,1,19,-25,-0.12
NABN88,NAT. BANK  JUL-20P18,0.15,4,1,18,-25,-0.05
BHPQH8,BHP GROUP  JUL-20C37,0.3,45,2,37.5,-25,-0.1
XJOVD8,S&P/ASX200 JUL-20P60,41,86,6,6050,-25.455,-14
BHPJO7,BHP GROUP  JUL-20P35,0.35,887,7,35,-25.532,-0.12
RIOU97,RIO TINTO  JUL-20C98,0.93,3,1,98,-25.6,-0.32
BXB8G7,BRAMB LTD  AUG-20C11,0.42,25,1,11,-25.664,-0.145
CSLSQ8,CSL        JUL-20C29,4.9,12,3,294,-25.701,-1.695
CBAVZ9,CWLTH BANK JUL-20P69,0.56,20,1,69,-26.316,-0.2
STOYC7,SANTOS     JUL-20P52,0.07,150,1,5.25,-26.316,-0.025
MQGRM7,MACQ GROUP AUG-20P11,2.05,28,1,114,-26.523,-0.74
XJOLQ9,S&P/ASX200 OCT-20P52,101,4,1,5250,-26.812,-37
XJOXV9,S&P/ASX200 JUL-20C61,57,42,8,6100,-26.923,-21
CSLFT7,CSL        JUL-20C31,0.73,2,1,312,-27,-0.27
BHPEY9,BHP GROUP  SEP-20P34,1.38,10,1,34.01,-27.368,-0.52
NAB8X9,NAT. BANK  JUL-20C19,0.145,100,1,19.51,-27.5,-0.055
CBAJC7,CWLTH BANK JUL-20P73,1.285,20,1,73,-27.606,-0.49
CSLV58,CSL        JUL-20C29,6.5,14,2,290,-27.778,-2.5
APTB27,AFTERPAY   JUL-20P58,0.54,20,1,58,-28,-0.21
XJO1V9,S&P/ASX200 JUL-20C61,36,102,9,6175,-28,-14
CSLDX7,CSL        JUL-20C30,3.1,4,1,300,-28.241,-1.22
AWCYQ7,ALUMINA    JUL-20P20,0.355,100,1,2,-28.283,-0.14
BHPN49,BHP GROUP  DEC-20P27,0.6,400,2,27.8,-28.571,-0.24
TLSW38,TELSTRA    SEP-20C35,0.075,720,2,3.52,-28.571,-0.03
XJOVH8,S&P/ASX200 JUL-20P61,62,23,6,6100,-28.736,-25
XJOSS8,S&P/ASX200 JUL-20P58,12,110,4,5875,-29.412,-5
FMGFY7,FORTESCUE  JUL-20P13,0.06,2,1,13.5,-29.412,-0.025
CBAJB7,CWLTH BANK JUL-20C73,0.26,870,8,73,-29.73,-0.11
FMGF89,FORTESCUE  JUL-20C14,0.28,56,4,14,-30,-0.12
MQGFQ7,MACQ GROUP JUL-20C13,0.14,270,4,136,-30,-0.06
XJOXO9,S&P/ASX200 JUL-20P59,49,30,2,5950,-30,-21
CSLY98,CSL        AUG-20P27,6.91,1,1,274,-30.202,-2.99
WPLQH9,WOODSIDE   AUG-20P21,1.1,10,1,21.5,-30.38,-0.48
FMGFF8,FORTESCUE  AUG-20P12,0.285,25,1,12.75,-30.488,-0.125
XJOVA8,S&P/ASX200 JUL-20C60,50,115,4,6025,-30.556,-22
NCMZQ8,NEWCREST   JUL-20P31,0.125,28,2,31.5,-30.556,-0.055
XJO4F8,S&P/ASX200 SEP-20P56,126,1,1,5600,-31.148,-57
XJOSQ8,S&P/ASX200 JUL-20P58,11,85,12,5850,-31.25,-5
FMGP18,FORTESCUE  AUG-20P13,0.33,170,2,13,-31.25,-0.15
BOQKR8,BANK QLD   JUL-20P60,0.065,50,1,6,-31.579,-0.03
RIOUU8,RIO TINTO  JUL-20C97,0.68,33,2,97,-32,-0.32
WESGS8,WESFARMER  DEC-20P49,5,7,2,49.02,-32.065,-2.36
RIOFU7,RIO TINTO  AUG-20C10,1.2,6,1,102.01,-32.203,-0.57
FMGCG7,FORTESCUE  SEP-20C14,0.46,42,2,14.23,-32.353,-0.22
ANZKE8,ANZ BANK   SEP-20C23,0.135,200,1,23,-32.5,-0.065
XJOXE8,S&P/ASX200 JUL-20C62,27,404,25,6200,-32.5,-13
NCMRH8,NEWCREST   DEC-20P37,6.15,8,2,37.01,-33.152,-3.05
WOWFL9,WOOLWORTHS DEC-20P35,1.61,40,1,35.87,-33.195,-0.8
WOWXT7,WOOLWORTHS AUG-20P34,0.25,55,2,34.5,-33.333,-0.125
XJOTJ8,S&P/ASX200 JUL-20P59,14,97,13,5900,-33.333,-7
ORIPK9,ORICA      JUL-20P15,0.09,70,2,15.5,-33.333,-0.045
WBCMV9,WESTPAC    JUL-20C19,0.1,388,7,19,-33.333,-0.05
TAH4H7,TABCORP    JUL-20C35,0.05,195,2,3.5,-33.333,-0.025
RIOVW7,RIO TINTO  AUG-20C10,1.8,10,1,100,-33.333,-0.9
ANZMN9,ANZ BANK   SEP-20P17,0.4,5,1,17.5,-33.333,-0.2
XJOV88,S&P/ASX200 JUL-20C60,65,119,14,6000,-33.673,-33
XJO8J9,S&P/ASX200 JUL-20C61,55,10,1,6125,-33.735,-28
FMGP29,FORTESCUE  JUL-20C13,0.56,15,1,13.51,-34.118,-0.29
OSHCZ7,OIL SEARCH AUG-20P29,0.125,100,1,2.93,-34.211,-0.065
NABTT7,NAT. BANK  JUL-20C18,0.375,3,1,18.5,-34.211,-0.195
AMP8J7,AMP        SEP-20C19,0.085,25,1,1.95,-34.615,-0.045
SEKYU9,SEEK       AUG-20C23,0.32,78,2,23.5,-34.694,-0.17
XJOVE8,S&P/ASX200 JUL-20C60,28,51,12,6075,-34.884,-15
MQGMF7,MACQ GROUP AUG-20C13,0.875,1,1,138,-35.424,-0.48
MQGR97,MACQ GROUP JUL-20P11,0.735,5,1,116,-35.526,-0.405
FLTVH7,FLIGHT CTR JUL-20P10,0.44,10,1,10.89,-35.766,-0.245
WTCYC7,WISETECH   AUG-20P18,0.88,55,2,18,-35.766,-0.49
CBA0X9,CWLTH BANK JUL-20P59,0.035,20,1,59,-36.364,-0.02
WBCWL9,WESTPAC    JUL-20C19,0.225,204,2,19,-36.62,-0.13
RIOUY8,RIO TINTO  JUL-20C98,0.38,395,6,98,-36.667,-0.22
RIOU57,RIO TINTO  JUL-20C96,1.9,14,3,96,-36.877,-1.11
NABTU7,NAT. BANK  JUL-20P18,0.125,419,5,18.5,-37.5,-0.075
OSHD77,OIL SEARCH AUG-20C33,0.175,100,1,3.33,-37.5,-0.105
VUKQF8,V MONEY UK JUL-20C18,0.05,14,1,1.8,-37.5,-0.03
XJOVG8,S&P/ASX200 JUL-20C61,20,277,25,6100,-37.5,-12
XJORM8,S&P/ASX200 JUL-20P58,5,59,4,5800,-37.5,-3
EXROA,ELIXIR NRG OPT DEC20,0.005,620833,5,0.0679,-37.5,-0.003
APTB87,AFTERPAY   AUG-20P58,3.14,31,2,58,-38.431,-1.96
BHPXW7,BHP GROUP  SEP-20C39,0.48,637,1,39.01,-38.462,-0.3
SUN3U7,SUNCORP    JUL-20C95,0.08,20,1,9.5,-38.462,-0.05
RIOK18,RIO TINTO  JUL-20P89,0.35,180,3,89,-38.596,-0.22
WORWU7,WORLEY     AUG-20P80,0.3,200,2,8,-38.776,-0.19
BENUX7,BEN ADE BK JUL-20C72,0.085,10,2,7.25,-39.286,-0.055
RIOY27,RIO TINTO  SEP-20C99,2.75,2,1,99.24,-39.361,-1.785
XJOLM9,S&P/ASX200 OCT-20P52,96,25,1,5200,-40,-64
AGLQ77,AGL ENERGY AUG-20P17,0.39,5,1,17,-40,-0.26
CBA1G7,CWLTH BANK JUL-20P65,0.12,900,7,65,-40,-0.08
CBAJ87,CWLTH BANK JUL-20P71,0.6,268,13,71,-40,-0.4
NCMIV9,NEWCREST   JUL-20C33,0.41,10,1,33.5,-40.146,-0.275
BSLG47,BLUESCOPE  AUG-20C11,0.35,200,1,11.5,-40.171,-0.235
NCMKG8,NEWCREST   JUL-20C34,0.19,10,1,34.5,-40.625,-0.13
FMGG47,FORTESCUE  JUL-20C14,0.08,18,1,14.25,-40.741,-0.055
XJOXX8,S&P/ASX200 JUL-20C63,10,102,9,6300,-41.176,-7
WOWRL7,WOOLWORTHS SEP-20P35,0.85,100,1,35.51,-41.379,-0.6
RIOCL8,RIO TINTO  AUG-20C98,2.1,121,3,98.01,-41.667,-1.5
CSLY37,CSL        AUG-20P24,1.32,20,1,240,-41.85,-0.95
TWEVF7,TREA WINE  JUL-20P11,0.5,70,2,11.5,-41.86,-0.36
WPLKM9,WOODSIDE   JUL-20C23,0.09,20,1,23,-41.935,-0.065
CSLDV7,CSL        JUL-20C29,3.05,47,2,298,-41.96,-2.205
BENVL7,BEN ADE BK JUL-20P70,0.11,10,2,7,-42.105,-0.08
A2MK28,A2 MILK    AUG-20P17,0.35,73,2,17,-42.149,-0.255
BSLRZ7,BLUESCOPE  SEP-20P11,1.385,200,1,11.5,-42.292,-1.015
COLJ58,COLESGROUP SEP-20P15,0.325,70,1,15.86,-42.982,-0.245
CBAVX9,CWLTH BANK JUL-20P68,0.285,32,2,68,-43,-0.215
CIMUX8,CIMIC      JUL-20P23,0.55,22,3,23.5,-43.005,-0.415
ANZUQ8,ANZ BANK   JUL-20C19,0.125,45,6,19.5,-43.182,-0.095
ASXUV9,ASX        JUL-20P82,0.17,50,2,82,-43.333,-0.13
RIOEI8,RIO TINTO  JUL-20C94,2.8,20,2,94.01,-43.434,-2.15
WPLPQ9,WOODSIDE   JUL-20P20,0.13,50,1,20,-43.478,-0.1
TCLYX9,TRANSURBAN JUL-20P14,0.18,25,1,14,-43.75,-0.14
CBAYA9,CWLTH BANK JUL-20P67,0.225,53,2,67,-43.75,-0.175
TLSVI7,TELSTRA    OCT-20P32,0.115,2000,3,3.2,-43.902,-0.09
XJOUL7,S&P/ASX200 AUG-20P57,111,2,1,5775,-43.939,-87
ANZG59,ANZ BANK   JUL-20C21,0.025,25,1,21,-44.444,-0.02
BHPC88,BHP GROUP  JUL-20C36,0.28,358,6,36,-44.554,-0.225
AGLRF7,AGL ENERGY DEC-20C18,0.68,25,1,18.01,-45.6,-0.57
FLTGL7,FLIGHT CTR JUL-20C12,0.38,11,1,12.18,-45.714,-0.32
BHPS27,BHP GROUP  AUG-20P33,0.595,10,2,33,-45.909,-0.505
ANN4U7,ANSELL     JUL-20P36,0.2,1,1,36,-45.946,-0.17
BOQNX8,BANK QLD   AUG-20P57,0.135,50,1,5.75,-46,-0.115
TLSR39,TELSTRA    DEC-20C37,0.07,300,1,3.72,-46.154,-0.06
WPLQB9,WOODSIDE   AUG-20P20,0.6,52,3,20,-46.903,-0.53
MQGR37,MACQ GROUP JUL-20P11,0.2,210,4,110,-47.368,-0.18
NCMKG7,NEWCREST   SEP-20P31,1.7,6,1,31.01,-48.485,-1.6
QANY19,QANTAS     DEC-20C44,0.23,56,1,4.4,-48.889,-0.22
XJOVC8,S&P/ASX200 JUL-20C60,33,259,28,6050,-49.231,-32
XJOVO8,S&P/ASX200 JUL-20C62,6,125,7,6200,-50,-6
XJOVK8,S&P/ASX200 JUL-20C61,10,50,4,6150,-50,-10
RIO8V8,RIO TINTO  AUG-20C99,2.2,10,2,99,-50,-2.2
BLD1X8,BORAL LTD  AUG-20P36,0.17,100,1,3.6,-50,-0.17
ANZUP8,ANZ BANK   JUL-20P19,0.12,2,1,19,-50,-0.12
MQGNS7,MACQ GROUP JUL-20P12,1.17,102,3,120,-50.213,-1.18
CSLYD8,CSL        AUG-20P27,7.855,14,4,278,-50.737,-8.09
MQGPX7,MACQ GROUP JUL-20P11,0.7,140,3,118,-51.724,-0.75
S32FX7,SOUTH32    AUG-20P18,0.055,55,2,1.89,-52.174,-0.06
AGLEN7,AGL ENERGY SEP-20C19,0.13,25,1,19.01,-52.727,-0.145
ANZFM8,ANZ BANK   AUG-20P18,0.39,11,1,18.01,-53.012,-0.44
CIMXZ8,CIMIC      AUG-20C27,0.35,15,1,27.5,-53.333,-0.4
BSLTX8,BLUESCOPE  MAR-21C12,0.985,30,1,12,-53.972,-1.155
TAH6G7,TABCORP    JUL-20P33,0.05,220,1,3.3,-54.545,-0.06
RIOUD7,RIO TINTO  JUL-20C99,0.68,17,1,99,-54.667,-0.82
ASXYG9,ASX        AUG-20P80,0.85,5,1,80,-55.263,-1.05
XJOVI8,S&P/ASX200 JUL-20C61,14,76,10,6125,-56.25,-18
XJOSO8,S&P/ASX200 JUL-20P58,7,15,1,5825,-56.25,-9
WBCUL9,WESTPAC    JUL-20C19,0.06,50,1,19.5,-57.143,-0.08
BHPC58,BHP GROUP  JUL-20P35,0.15,150,2,35,-57.143,-0.2
CBAIZ7,CWLTH BANK JUL-20P68,0.06,315,5,68,-57.143,-0.08
CSLFQ9,CSL        AUG-20P26,3.75,12,3,260,-57.386,-5.05
MQGWT9,MACQ GROUP JUL-20P11,0.525,3,1,116.01,-58,-0.725
RIOY97,RIO TINTO  SEP-20C10,2.3,15,1,101.15,-58.182,-3.2
BHPD97,BHP GROUP  JUL-20P34,0.2,10,1,34.01,-58.333,-0.28
WBCQL9,WESTPAC    JUL-20P17,0.06,50,1,17.01,-58.621,-0.085
MQGNU7,MACQ GROUP JUL-20P12,1.6,260,8,122,-60.199,-2.42
CWNS77,CROWN      JUL-20P87,0.085,29,1,8.75,-60.465,-0.13
CBA4F7,CWLTH BANK AUG-20P62,0.54,16,1,62,-60.87,-0.84
OZLZX9,OZMINER    AUG-20P10,0.14,70,1,10.25,-61.111,-0.22
CBA2X9,CWLTH BANK AUG-20P60,0.38,20,1,60,-61.224,-0.6
CBAJ27,CWLTH BANK JUL-20P69,0.11,242,3,69,-61.404,-0.175
BHPCF8,BHP GROUP  JUL-20C36,0.12,80,3,36.5,-61.905,-0.195
TWEV77,TREA WINE  JUL-20P97,0.04,50,1,9.75,-61.905,-0.065
QANM17,QANTAS     JUL-20C38,0.095,260,3,3.8,-62,-0.155
MQGVM7,MACQ GROUP AUG-20P98,0.44,10,1,98,-62.393,-0.73
CBAIX7,CWLTH BANK JUL-20P67,0.03,200,4,67,-62.5,-0.05
SGPSB9,STOCKLAND. AUG-20C39,0.075,10,1,3.9,-62.5,-0.125
WPLJY7,WOODSIDE   JUL-20P21,0.32,50,1,21.01,-62.791,-0.54
RIOUF7,RIO TINTO  JUL-20C10,0.4,2,1,100,-62.963,-0.68
WBCJP9,WESTPAC    DEC-20P18,1.47,20,1,18,-63.704,-2.58
AMCB48,AMCOR PLC  AUG-20P14,0.21,50,2,14,-63.793,-0.37
CBAJ67,CWLTH BANK JUL-20P70,0.19,81,3,70,-64.486,-0.345
CBA1J7,CWLTH BANK JUL-20P66,0.195,10,1,66,-65.179,-0.365
CSLG78,CSL        JUL-20P27,1.28,2,1,274.01,-65.405,-2.42
CBAYG9,CWLTH BANK AUG-20P69,1.86,2,1,69,-65.556,-3.54
BSLGK7,BLUESCOPE  AUG-20C12,0.17,200,1,12.25,-66,-0.33
FMGZQ8,FORTESCUE  JUL-20P13,0.095,15,1,13.26,-66.071,-0.185
SUNYU9,SUNCORP    SEP-20C10,0.135,375,1,10.44,-66.25,-0.265
TLS1U8,TELSTRA    JUL-20P30,0.01,350,3,3.07,-66.667,-0.02
WESR19,WESFARMER  JUL-20P43,0.15,13,1,43.51,-66.667,-0.3
WESMR8,WESFARMER  JUL-20P43,0.14,1,1,43.5,-66.667,-0.28
XJOQS8,S&P/ASX200 JUL-20P56,2,10,2,5600,-66.667,-4
BHPFL7,BHP GROUP  JUL-20C39,0.02,120,2,39,-66.667,-0.04
XJOVL8,S&P/ASX200 JUL-20P61,105,10,2,6150,-66.981,-213
BSLG87,BLUESCOPE  AUG-20C12,0.22,200,1,12,-67.164,-0.45
LLC3Z9,LEND LEASE SEP-20C14,0.485,1990,3,14,-67.23,-0.995
CBAYC9,CWLTH BANK AUG-20P67,1.43,450,5,67,-67.937,-3.03
COLZA8,COLESGROUP JUL-20P17,0.125,59,1,17,-67.949,-0.265
APT8M9,AFTERPAY   JUL-20P56,0.4,25,1,56,-68.992,-0.89
NCMNV7,NEWCREST   SEP-20P30,1.28,4,1,30.01,-70.575,-3.07
BHPUJ8,BHP GROUP  SEP-20C40,0.34,1575,8,40,-72.016,-0.875
AMCY97,AMCOR PLC  JUL-20P14,0.15,2,1,14.75,-72.222,-0.39
WTCRN7,WISETECH   JUL-20C23,0.21,115,5,23.5,-72.903,-0.565
ASXV29,ASX        JUL-20P85,0.415,2,1,85,-73.052,-1.125
ASXUX9,ASX        JUL-20P83,0.155,2,1,83,-73.276,-0.425
WOWKU9,WOOLWORTHS SEP-20C39,0.875,10,1,39,-73.565,-2.435
FMGS69,FORTESCUE  AUG-20C16,0.15,7,1,16,-74.359,-0.435
QANMD7,QANTAS     AUG-20C39,0.22,20,1,3.9,-74.713,-0.65
NABTQ7,NAT. BANK  JUL-20P17,0.025,10,1,17.5,-75,-0.075
ANZ1Q7,ANZ BANK   DEC-20P80,0.05,50,1,8,-75,-0.15
ORG6K7,ORIGIN ENE SEP-20P65,0.745,37,1,6.5,-75.167,-2.255
XJOFM7,S&P/ASX200 JUL-20P58,35,50,3,5825,-75.862,-110
XJOZW8,S&P/ASX200 JUL-20P49,3,7,2,4900,-76.923,-10
CBAW49,CWLTH BANK JUL-20P71,0.88,197,6,71,-77.261,-2.99
BSLXN9,BLUESCOPE  SEP-20C11,0.43,200,1,11.75,-77.546,-1.485
WBCMQ9,WESTPAC    JUL-20P17,0.03,10,1,17.5,-77.778,-0.105
MQGP79,MACQ GROUP JUL-20P11,0.27,110,2,112.01,-78.049,-0.96
VUKPQ8,V MONEY UK JUL-20C19,0.03,6,1,1.9,-78.571,-0.11
BHPRV7,BHP GROUP  AUG-20P31,0.325,50,1,31.5,-81.214,-1.405
BOQGO8,BANK QLD   SEP-20P55,0.17,10,1,5.5,-82.105,-0.78
OZLXB9,OZMINER    JUL-20P10,0.02,100,1,10.25,-83.333,-0.1
RIOUH7,RIO TINTO  JUL-20C10,0.18,55,4,102,-83.636,-0.92
SCG8N8,SCENTRE    JUL-20P20,0.01,40,1,2,-84.615,-0.055
AMP9H9,AMP        JUL-20P19,0.11,20,1,1.9,-84.722,-0.61
RIOV38,RIO TINTO  JUL-20C10,0.09,307,5,100,-85,-0.51
WESUL8,WESFARMER  SEP-20P40,0.7,4,1,40.78,-85.371,-4.085
XJOBH9,S&P/ASX200 JUL-20P51,3,10,1,5150,-85.714,-18
XJOFQ8,S&P/ASX200 JUL-20P54,7,5,1,5450,-86,-43
AMCYB7,AMCOR PLC  JUL-20P15,0.18,20,1,15,-86.154,-1.12
BSLEX7,BLUESCOPE  JUL-20C11,0.22,300,1,11,-86.25,-1.38
MQGVM9,MACQ GROUP JUL-20P12,1.1,10,1,120.01,-88.945,-8.85
MQGR17,MACQ GROUP JUL-20P10,0.14,80,2,108,-89.818,-1.235
JHX7N9,J HARDIE   JUL-20P22,0.03,10,1,22,-90,-0.27
NABTZ7,NAT. BANK  JUL-20C20,0.02,300,1,20,-90.476,-0.19
WESQY7,WESFARMER  SEP-20P37,0.33,3,1,37.87,-91.316,-3.47
SCG0J8,SCENTRE    JUL-20C26,0.005,40,1,2.6,-91.667,-0.055
AZJLX9,AURIZON    JUL-20P45,0.001,4135,16,4.5,-99.167,-0.119
